first_num,perovskite_composition,electron_transport_layer,hole_transport_layer,structure_pin_nip,test,stability_type,passivating_molecule,humidity,temperature,time,control_pce,treated_pce,control_voc,treated_voc,efficiency_tret,efficiency_cont
0.0,Cs 0.05 FA 0.85 MA 0.1 PbI 3,C60,2PACz and Me-4PACz,PIN,test_1,ISOSL,4-chlorobenzenesulfonate (4Cl-BZS),,65.0,1200.0,24.0,26.9,,1.18,95.0,
1.0,,TinOxide,"poly[bis(4-phenyl) (2,4,6-trimethylphenyl)amine] (PTAA)",PIN,test_1,ISOST,phenethylammonium,,85.0,500.0,,19.1,,1.16,,
2.0,dibutylammonium lead iodide,tin dioxide,Spiro-OMeTAD,NIP,test_1,ISOSL,butylamine,85.0,25.0,1620.0,,24.3,,1.18,0.98,0.58
2.0,dibutylammonium lead iodide,tin dioxide,Spiro-OMeTAD,NIP,test_1_2,ISOSD,,85.0,85.0,1056.0,,21.3,,,0.94,
2.0,dibutylammonium lead iodide,tin dioxide,Spiro-OMeTAD,NIP,test_2,ISOSLT,,,25.0,1620.0,,24.0,,,0.98,
3.0,Cs0.05(MA0.10FA0.85)Pb(I0.90Br0.10)3,tin dioxide,Spiro-OMeTAD,NIP,test_1,ISOSL1,,,,2000.0,,24.5,,1.2,0.99,0.25
5.0,butylammonium lead iodide,buckminsterfullerene,Spiro-OMeTAD,NIP,test_1,,iso-butylamine iodide,,,,,22.1,,1.13,,
6.0,Methylammonium Lead Iodide,Titanium dioxide,Spiro-OMeTAD,,test_1,ISOSD,phenylethylammonium iodide,,,1344.0,,18.8,,1.16,0.97,
7.0,4-chlorophenylethylammonium,C 60,,NIP,test_1,,(EDBE)PbI 4,65.0,,1000.0,,,,,0.9,
7.0,4-chlorophenylethylammonium,C 60,,NIP,test_1_2,,(EDBE)PbI 4,65.0,,1000.0,,,,,0.9,
8.0,,Tin Oxide,Spiro-OMeTAD,NIP,test_1,ISOSLT,ethylammonium pyrene,,40.0,2000.0,19.3,22.4,,1.17,0.85,0.6
9.0,CH 3 NH 3 PbI 3,PCBM,,,test_1,,EDBE,,,,14.6,17.6,,,,
10.0,(FAPbI3)0.95(MAPbBr3)0.05,TinOxide,spiro-MeOTAD,NIP,test_1,,intermediate negative ΔE vac,,,800.0,,24.4,,,1.0,
10.0,(FAPbI3)0.95(MAPbBr3)0.05,TinOxide,spiro-MeOTAD,NIP,test_1_2,ISOSL,OABF4,,40.0,500.0,,,,,0.91,
11.0,,SnO2,Spiro-OMeTAD,NIP,test_1,ISOSL,benzotriazole,,,24.0,20.2,21.8,1.11,1.16,1.02,0.98
12.0,Cs0.15FA0.85PbI2.19Br0.81,,Spiro-OMeTAD,NIP,test_1,ISOSL,butylammonium bromide,,,20.0,,19.8,17.5,1.31,,
13.0,Cs 0.12 FA 0.8 MA 0.08 PbI 1.8 Br 1.,PCBM,,PIN,test_1,,2-thiopheneethylammonium chloride,,,195.0,80.0,23.8,,1.29,,
13.0,Cs 0.12 FA 0.8 MA 0.08 PbI 1.8 Br 1.,PCBM,,PIN,test_1_2,ISOST,,,60.0,265.0,,23.8,,1.29,0.92,0.82
14.0,Cs 0.05 (FA 5/6 MA 1/6 ) 0.95 Pb(I 0.85 Br 0.15 ) 3,PCBM,PTAA,PIN,test_1,ISOSL,chlorophenylethylammonium iodide,,,33.0,21.5,23.7,1.1,1.18,1.0,0.9
15.0,Cs 0.05 (FA 5/6 MA 1/6 ) 0.95 Pb(I 0.9 Br 0.1 ) 3,PCBM,PTAA,PIN,test_1,,fluorophenylethylammonium iodide,,,,21.7,23.7,1.11,1.17,,
16.0,FAPbI3,TinOxide,Spiro-OMeTAD,NiP,test_1,,CF3-phenethylammonium,,,,18.8,21.0,1.04,1.11,,
17.0,Cs 0.05 FA 0.81 MA 0.14 PbI 2.55 Br 0.45,SnO 2,PTAA,NIP,test_1,ISOSL,,,,48.0,20.0,20.9,1.16,1.19,0.86,
18.0,,Tin Oxide,Spiro-OMeTAD,NIP,test_1,,2-thiophenemethylammonium iodide,,,,,,,,,
19.0,Cs 0.05 MA 0.05 FA 0.9 Pb(I 0.95 Br 0.05 ) 3,C60,2PACz,,test_1,ISOSLT,"3,4,5-trifluoroanilinium",50.0,85.0,1560.0,21.0,24.0,1.26,1.27,,
19.0,Cs 0.05 MA 0.05 FA 0.9 Pb(I 0.95 Br 0.05 ) 3,C60,2PACz,,test_2,ISOSL,,50.0,85.0,1586.0,,21.5,,,0.84,
20.0,Methylammonium Lead Iodide,,,,test_1,,phenylethylammonium lead iodide,,,,,,,,,
21.0,(FAPbI3)0.92(MAPbBr3)0.08,Titanium dioxide,Spiro-OMeTAD,,test_1,,,,,,,22.6,,,,
22.0,Formamidinium lead triiodide,,,NIP,test_1,,cyclohexylmethylammonium iodide dissolved in,,,,21.4,23.9,1.09,1.14,0.95,
22.0,Formamidinium lead triiodide,,,NIP,test_1_2,ISOSL,,203.0,,2400.0,,,,,0.91,0.85
22.0,Formamidinium lead triiodide,,,NIP,test_2,ISOSLT,,,25.0,1050.0,,,,,0.95,0.76
22.0,Formamidinium lead triiodide,,,NIP,test_3_2,ISOSD2,,40.0,50.0,500.0,,,,,,0.4
22.0,Formamidinium lead triiodide,,,NIP,test_3,,,,,,,,,,0.93,
23.0,Cs0.05MA0.1FA0.85PbI3,,,NIP,test_1,ISOSL1,phenethylammonium iodide,50.0,25.0,1000.0,,23.9,,1.15,1.0,
23.0,Cs0.05MA0.1FA0.85PbI3,,,NIP,test_2,ISOSL3,,,65.0,500.0,,,,,0.92,
24.0,Cesium lead iodide,Titanium dioxide,copper(I) thiocyanate,,test_1,ISOSD,,,110.0,2100.0,14.9,17.4,,,0.8,
27.0,,,,NIP,test_1,ISOSLT,trifluoromethylphenylethylammonium,,,2000.0,,18.5,,1.23,1.0,
30.0,ammonia healed formamidinium cesium lead iodide,tin dioxide,Spiro-OMeTAD,NIP,test_1,ISOSLT,,,,500.0,10.9,23.2,,1.16,0.8,
31.0,ISOSD3,buckminsterfullerene,MeO-2PACZ,PIN,test_1,ISOSLT,3-(aminomethyl)pyridine,,55.0,2428.0,23.3,25.4,,1.19,0.87,0.76
31.0,ISOSD3,buckminsterfullerene,MeO-2PACZ,PIN,test_2,ISOSL2,,,65.0,1315.0,,,,,0.9,
31.0,ISOSD3,buckminsterfullerene,MeO-2PACZ,PIN,test_3,,,85.0,85.0,850.0,,,,,0.94,
36.0,FA0.8MA0.2PbI 3,buckminsterfullerene,poly(triarylamine),PIN,test_1,,tri-octyl phosphine oxide,,,,,22.4,1.07,1.09,,
37.0,,,,,test_1,,"1,3-propylene diammonium",,,700.0,,19.0,,1.35,1.0,
37.0,,,,,test_2,,,,,500.0,,26.3,,2.19,0.86,
39.0,(FAPbI 3 ) 0.87(MAPbBr3)0.13]0.92(CsPbI3)0.08,Titanium dioxide,Spiro-OMeTAD,,test_1,ISOSLT,2-thiophenemethylammonium bromide,,,1000.0,20.7,20.8,1.09,1.17,0.75,0.65
40.0,,,PTAA,,test_1,ISOSD,oleylammonium iodide,85.0,85.0,1000.0,,24.3,,,0.95,
41.0,,,Spiro-OMeTAD,NIP,test_1,,SnO2,405.0,85.0,1008.0,20.8,23.9,1.13,1.15,0.85,0.58
41.0,,,Spiro-OMeTAD,NIP,test_2,ISOST,22.38,,85.0,1000.0,20.3,,,,0.75,0.51
41.0,,,Spiro-OMeTAD,NIP,test_3,,ISOSLT,,,1100.0,,,,,0.9,0.6
42.0,Cs 0.05 MA 0.1 FA 0.85 PbI 2.7 Br 0.3,,,secondary perovskite growth,test_1,ISOSL,azetidinium lead iodide,,52.0,1000.0,,22.4,1.07,1.14,0.85,0.47
43.0,formamidinium lead iodide,,Spiro-OMeTAD,,test_1,ISOSD,,80.0,,500.0,23.0,24.5,1.12,1.15,0.47,0.09
44.0,,Tin Oxide,,PIN,test_1,,,,,,,21.1,,,,
46.0,CsPbI 0.05 [(FAPbI 3 ) 0.89 (MAPbBr 3 ) 0.11 ] 0.95,,,PIN,test_1,ISOSLT,Lithium Fluoride,25.0,25.0,100.0,,19.6,,1.16,0.6,
47.0,MAPbI3,,PTAA,,test_1,ISOSLT,,60.0,65.0,1200.0,18.2,24.2,,,0.96,
48.0,,,PTAA,PIN,test_1,,PS Plastic Foam 1%,,,,16.9,20.3,1.07,1.1,,
49.0,,indium tin oxide,spiro-OMeTAD/chlorobenzene,,test_1,ISOSL,n-butylamine iodide,65.0,,4680.0,,16.2,,1.31,0.93,0.5
49.0,,indium tin oxide,spiro-OMeTAD/chlorobenzene,,test_2,ISOST,,,85.0,558.0,,,,,0.95,0.59
49.0,,indium tin oxide,spiro-OMeTAD/chlorobenzene,,test_3,ISOSL,,,,1100.0,,,,,0.96,0.7
50.0,,,Spiro-OMeTAD,,test_1,,butylammonium,,,650.0,,21.0,,,0.9,
53.0,FA0.85MA0.1Cs0.05PbI2.9Br0.1,TinOxide,Spiro-OMeTAD,NIP,test_1,,DMePDAI 2,85.0,,740.0,20.9,24.0,,,0.53,
53.0,FA0.85MA0.1Cs0.05PbI2.9Br0.1,TinOxide,Spiro-OMeTAD,NIP,test_1_2,ISOSL1,,,40.0,1000.0,22.0,24.7,,,0.9,0.57
53.0,FA0.85MA0.1Cs0.05PbI2.9Br0.1,TinOxide,Spiro-OMeTAD,NIP,test_2_2,ISOSD,,85.0,,740.0,,,,,0.73,0.27
53.0,FA0.85MA0.1Cs0.05PbI2.9Br0.1,TinOxide,Spiro-OMeTAD,NIP,test_2,,,,,,,,,,0.35,
53.0,FA0.85MA0.1Cs0.05PbI2.9Br0.1,TinOxide,Spiro-OMeTAD,NIP,test_3_2,ISOST,,5.0,85.0,1008.0,,,,,0.81,0.29
54.0,Methylammonium Lead Bromide,,,NIP,test_1,,,,,,,3.2,,,,
55.0,methylammonium lead iodide,,,,test_1,,methylammonium,,,,,,,,,
57.0,Cs 0.05 (FA0.83MA0.17)0.95Pb(I0.83Br0.17)3,buckminsterfullerene,poly(triarylamine),PIN,test_1,ISOSLT,,,27.0,350.0,,21.0,,1.09,0.95,
58.0,FA0.83Cs0.17Pb(I0.83Br0.17)3,buckminsterfullerene,Spiro-OMeTAD,,test_1,,,,,,,18.5,,,,
59.0,MAPbI 3,,,poly(triarylamine) (PTAA)/ indium tin oxide (ITO)/glass substrates,test_1,,NIP,,,,17.5,19.0,1.16,1.25,,
60.0,(FAPbI3)0.95(MAPbBr3)0.05,TinOxide,Spiro-OMeTAD,NIP,test_1,,"NOTE:This is how to prepare the PSC,relevent...?",,,,,21.7,,,,
61.0,,,,NIP,test_1,ISOST,methylammonium lead iodide,30.0,85.0,125.0,,,,,0.6,
61.0,,,,NIP,test_2,,,40.0,,600.0,,,,,0.92,
62.0,CH 3 NH 3 PbI 3,,,NIP,test_1,ISOSL,methylammonium lead iodide,55.0,80.0,720.0,,17.3,,,0.83,0.44
62.0,CH 3 NH 3 PbI 3,,,NIP,test_2,ISOST,,,80.0,720.0,,,,,0.74,0.27
63.0,CH3NH3PbI3,,Spiro-OMeTAD,,test_1,,,,100.0,,,11.6,,,,
64.0,,bathocuproine,TaTm,PIN,test_1,,,,,,18.6,17.0,,,,
65.0,methylammonium lead iodide,,Spiro-OMeTAD,,test_1,,,,,,,4.73,,1.18,,
66.0,Cs0.15FA0.85PbI2.55Br0.45,,,,test_1,ISOSD1,,30.0,21.0,1566.0,,,,,0.95,0.93
66.0,Cs0.15FA0.85PbI2.55Br0.45,,,,test_2,ISOSD3,,85.0,85.0,48.0,,,,,,0.32
66.0,Cs0.15FA0.85PbI2.55Br0.45,,,,test_3,ISOSO3,,601.0,,4380.0,,,,,0.99,0.49
67.0,FA0.83Cs0.17PbI2.7Br0.3,TinOxide,polybisphenyl(trimethylphenyl)amine,PIN,test_1,ISOSLT,,,250.0,,,,,,0.96,
67.0,FA0.83Cs0.17PbI2.7Br0.3,TinOxide,polybisphenyl(trimethylphenyl)amine,PIN,test_2,,,,,500.0,,9.0,,,0.8,
67.0,FA0.83Cs0.17PbI2.7Br0.3,TinOxide,polybisphenyl(trimethylphenyl)amine,PIN,test_2_2,ISOSL2,,,85.0,800.0,,21.3,,,0.95,
67.0,FA0.83Cs0.17PbI2.7Br0.3,TinOxide,polybisphenyl(trimethylphenyl)amine,PIN,test_3,ISOSD1,,,,500.0,,7.0,,,1.0,
67.0,FA0.83Cs0.17PbI2.7Br0.3,TinOxide,polybisphenyl(trimethylphenyl)amine,PIN,test_3_2,ISOSD1,,,,500.0,,7.0,,,1.0,
67.0,FA0.83Cs0.17PbI2.7Br0.3,TinOxide,polybisphenyl(trimethylphenyl)amine,PIN,test_1_2,ISOSLT,,,250.0,,,,,,0.96,
68.0,CH3NH3PbI3,TinOxide,PEDOT:PSS,NIP,test_1,ISOSLT,methylammonium lead iodide,50.0,23.0,4300.0,,12.8,,,1.0,0.0
68.0,CH3NH3PbI3,TinOxide,PEDOT:PSS,NIP,test_2,ISOSLT,,,60.0,1032.0,,,,,0.99,0.0
69.0,CH3NH3PbI3,TinOxide,,PIN,test_1,ISOSL,PCBM,60.0,25.0,1000.0,,,,,0.9,0.0
70.0,FA0.83MA0.17Pb-(I0.83Br0.17)3,TinOxide,Spiro-OMeTAD,NIP,test_1,ISOST,,,75.0,,,19.4,,,,
70.0,FA0.83MA0.17Pb-(I0.83Br0.17)3,TinOxide,Spiro-OMeTAD,NIP,test_2,ISOST,,,20.0,15.0,,17.7,,,,
71.0,CH3NH3PbI3,,,,test_1,,butylammonium,,,,,,,,,
72.0,Cs0.05FA0.8MA0.15PbI2.88Br0.04Cl0.08,ligand allylammonium,,NIP,test_1,ISOST,poly(methyl methacrylate),,,80.0,20.0,19.9,,,0.99,0.5
73.0,FA0.98Cs0.02PbI3,,,PIN,test_1,ISOSD,CF3 -PEAI,85.0,85.0,1000.0,,25.1,1.02,1.09,0.98,
73.0,FA0.98Cs0.02PbI3,,,PIN,test_1_2,ISOSLT,,50.0,50.0,1800.0,21.4,23.6,,,0.82,0.67
73.0,FA0.98Cs0.02PbI3,,,PIN,test_2_2,ISOSD,,85.0,85.0,1000.0,,,,,0.91,
73.0,FA0.98Cs0.02PbI3,,,PIN,test_2,,,,,,,24.8,,,0.98,0.71
74.0,(FAPbI3)0.95(MAPbBr3)0.05,tin dioxide,Spiro-OMeTAD,NIP,test_1,ISOSLT,4-fluorophenylethylammonium iodide,,60.0,560.0,18.8,21.2,,1.13,0.9,
74.0,(FAPbI3)0.95(MAPbBr3)0.05,tin dioxide,Spiro-OMeTAD,NIP,test_1_2,ISOSLT,,,60.0,5000.0,,,,,0.9,
77.0,FA0.9Cs0.1Pb3,,,PIN,test_1,ISOSLT,(phenethylamino)methaniminium iodide,,85.0,1500.0,21.2,24.1,,,0.9,
78.0,formamidinium lead iodide,,,NIP,test_1,,,,,,,19.2,,,,
79.0,(FAPbI3)0.97(MAPbBr3)0.03,TitaniumDioxide,Spiro-OMeTAD,NIP,test_1,ISOSL,Methylammonium Lead Bromide,37.0,28.0,,18.5,20.5,,1.09,,
80.0,,TitaniumDioxide,Spiro-OMeTAD,NIP,test_1,ISOSD,poly(methyl methacrylate),,,,,21.6,,1.14,96.7,
81.0,CsMAFA,TitaniumDioxide,Spiro-OMeTAD,,test_1,ISOSL,,,,500.0,15.8,20.9,1.06,1.14,0.9,
81.0,CsMAFA,TitaniumDioxide,Spiro-OMeTAD,,test_2,ISOSD,,,,1440.0,,,,,0.95,0.38
82.0,,,,PIN,test_1,ISOSD,quanternary ammonium halides,558.0,,800.0,17.1,20.5,1.04,,1.0,0.7
82.0,,,,PIN,test_2,ISOSL,,,,26.0,,21.1,,,0.86,
83.0,,TitaniumDioxide,Spiro-OMeTAD,PIN,test_1,ISOSD,,40.0,25.0,792.0,17.3,20.2,,,0.96,0.94
84.0,(FAPbI 3 ) 0.95 (MAPbBr 3 ) 0.05,,Spiro-OMeTAD,NIP,test_1,ISOST,,,60.0,,,23.2,,,,0.95
84.0,(FAPbI 3 ) 0.95 (MAPbBr 3 ) 0.05,,Spiro-OMeTAD,NIP,test_2,ISOSL,,,,310.0,,,,,0.92,
85.0,HTAB 0.3 (FAPbI 3 ) 0.95 (MAPbBr 3 ) 0.05,,Poly(3-hexylthiophene),NIP,test_1,ISOSL,HTAB,0.85,,1370.0,,22.7,,,0.95,
86.0,,TinOxide,Spiro-OMeTAD,,test_1,ISOSD,,,,2880.0,18.9,21.6,1.1,1.11,0.92,0.74
86.0,,TinOxide,Spiro-OMeTAD,,test_2,ISOSL,,,120.0,,,,,,0.86,0.38
87.0,,,,NIP,test_1,ISOSL,europium ion pair,,,1000.0,,21.5,,,0.92,
87.0,,,,NIP,test_2,ISOST,,,85.0,,,,,,0.91,
88.0,CaFAMA-F,,,NIP,test_1,ISOSL,formamidinium (FA),,254.0,100.0,48.8,20.5,,,0.9,
88.0,CaFAMA-F,,,NIP,test_2,ISOST,,,85.0,100.0,,,,,0.9,0.5
88.0,CaFAMA-F,,,NIP,test_3,ISOSD,,0.25,,600.0,,,,,0.9,
89.0,BA2MA3PbI13,,,NIP,test_1,,FAPbI3,,,,,20.8,,1.14,,
90.0,(FAPbI 3 ) 0.85 (MAPbBr 3 ) 0.15,,Spiro-OMeTAD,NIP,test_1,,MAPbI 3,,,,18.7,19.8,,1.17,,
91.0,,,,,test_1,ISOSL,Formamidinium Lead Iodide,25.0,25.0,120.0,,24.0,,1.13,0.9,
91.0,,,,,test_2,ISOST,,,40.0,300.0,,,,,0.9,0.6
92.0,,ISOSLT,,NIP,test_1,ISOSL,,40.0,,,20.0,21.3,,,0.9,0.5
92.0,,ISOSLT,,NIP,test_2,ISOSD,,25.0,25.0,500.0,1.5,,,,1.0,
92.0,,ISOSLT,,NIP,test_3,,,,450.0,,,,,,0.67,
93.0,,TinOxide,Spiro-OMeTAD,NIP,test_1,,FA0.5MA0.5PbI3,,,,,21.2,,,,
94.0,,,polymeric poly(4-vinylpyridine),PIN,test_1,ISOSL,,255.0,254.0,6000.0,19.1,20.6,,,0.8,
94.0,,,polymeric poly(4-vinylpyridine),PIN,test_2,ISOSLT,,,,700.0,,,,,0.9,0.8
94.0,,,polymeric poly(4-vinylpyridine),PIN,test_3,ISOST,,,85.0,300.0,,,,,0.8,
95.0,(FAPbI3)0.95(MAPbBr3)0.05,TitaniumDioxide,Spiro-OMeTAD,,test_1,,oleylammonium iodide,,,,5.9,23.3,,,,
95.0,(FAPbI3)0.95(MAPbBr3)0.05,TitaniumDioxide,Spiro-OMeTAD,,test_2,ISOSD,,65.0,65.0,100.0,85.0,,,,0.9,0.2
95.0,(FAPbI3)0.95(MAPbBr3)0.05,TitaniumDioxide,Spiro-OMeTAD,,test_1_2,,,85.0,25.0,,,,,,,
96.0,(FAPbI3)0.85(MAPbBr3)0.15,,Spiro-OMeTAD,,test_1,,NIP,,,,,22.1,,,,
97.0,Cs 0.05 (FA0.92MA0.08)0.95Pb(I0.92Br0.08)3,,,PIN,test_1,ISOSLT,ISOSLT,,,1000.0,19.2,21.2,,,1.0,0.58
97.0,Cs 0.05 (FA0.92MA0.08)0.95Pb(I0.92Br0.08)3,,,PIN,test_2,,ISOST,,85.0,1020.0,,,,,0.9,
98.0,methylammonium lead iodide,,Spiro-OMeTAD,NIP,test_1,ISOSLT,,60.0,,4.0,17.2,19.3,,,0.95,0.3
99.0,,TinOxide,,NIP,test_1,ISOSO,chlorine-rich mixed-halide perovskite interlayer,,,500.0,18.0,21.0,,,0.94,0.0
99.0,,TinOxide,,NIP,test_2,,ISOSLT,,,500.0,,,,,0.82,
100.0,,Lanthanum oxide / Tin Oxide Bilayer,,NIP,test_1,ISOSL,,,,1920.0,21.1,23.2,,,0.97,0.92
100.0,,Lanthanum oxide / Tin Oxide Bilayer,,NIP,test_2,ISOSLT,,,,180.0,,,,,0.91,0.83
100.0,,Lanthanum oxide / Tin Oxide Bilayer,,NIP,test_3,,,75.0,,120.0,,,,,0.8,0.71
101.0,,,,NIP,test_1,ISOSL,,203.0,25.0,720.0,19.0,16.7,,,0.92,
102.0,formamidinium lead iodide,,,NIP,test_1,ISOSL,lead iodide,20.0,,720.0,,20.7,,1.11,0.8,
102.0,formamidinium lead iodide,,,NIP,test_2,ISOSLT,,30.0,,1.6,17.2,21.4,,,0.92,
103.0,(FAPbI3)0.95(MAPbBr3)0.05,,,,test_1,ISOSO,,,,600.0,,23.7,,,0.9,
103.0,(FAPbI3)0.95(MAPbBr3)0.05,,,,test_2,,,85.0,25.0,,,,,,0.9,0.4
103.0,(FAPbI3)0.95(MAPbBr3)0.05,,,,test_3,ISOST,,25.0,150.0,,,,,,0.9,0.2
104.0,Methylammonium Lead Bromide,tin dioxide,,,test_1,ISOSLT,,,,3600.0,,25.2,,,1.0,
104.0,Methylammonium Lead Bromide,tin dioxide,,,test_2,ISOSLT,,,,500.0,,,,,0.8,
105.0,,titanium oxynitride,,NIP,test_1,ISOSL,,,,250.0,20.2,22.8,,,0.98,0.96
105.0,,titanium oxynitride,,NIP,test_2,ISOSD,,85.0,85.0,,,,,,,
106.0,,C60,,PIN,test_1,ISOSLT,,,85.0,1000.0,18.8,22.0,,1.2,0.92,
106.0,,C60,,PIN,test_2,ISOSL,,75.0,,1100.0,,,,,0.9,0.5
107.0,formamidinium lead iodide,,,NIP,test_1,,,506.0,25.0,1000.0,15.3,21.2,1.05,1.12,0.91,
108.0,FAPbI 3 with 0.03 mol fraction of both MDA and Cs cations,,,NIP,test_1,ISOST,,152.0,85.0,1300.0,,24.4,,,0.8,
108.0,FAPbI 3 with 0.03 mol fraction of both MDA and Cs cations,,,NIP,test_1_2,ISOST,,152.0,150.0,20.0,,,,,0.8,0.6
108.0,FAPbI 3 with 0.03 mol fraction of both MDA and Cs cations,,,NIP,test_2,ISOSLT,,,,400.0,,,,,0.9,
109.0,,polyacrylic acid-stabilized tin(IV) oxide quantum dots,Spiro-OMeTAD,NIP,test_1,ISOSL,,25.0,25.0,1000.0,,25.7,,1.17,0.8,0.4
109.0,,polyacrylic acid-stabilized tin(IV) oxide quantum dots,Spiro-OMeTAD,NIP,test_2,ISOSL,,,,700.0,,,,,0.45,
110.0,formamidine formate,,,,test_1,ISOSD,formate,20.0,25.0,1000.0,23.9,25.5,1.15,1.18,0.9,0.65
110.0,formamidine formate,,,,test_2,ISOSD,,20.0,60.0,1000.0,,,,,0.8,0.4
110.0,formamidine formate,,,,test_3,ISOSLT,,,35.0,450.0,,,,,0.85,0.7
111.0,formamidinium lead iodide,Titanium dioxide,,,test_1,ISOSLT,,,25.0,2000.0,,19.6,,,1.0,0.6
112.0,MA0.7FA0.3PbI3,buckminsterfullerene,PTAA,PIN,test_1,ISOSLT,,60.0,65.0,1000.0,21.8,23.0,1.14,1.17,1.0,0.6
113.0,Cl-contained formamidinium lead iodide,Cl-bonded SnO 2,,NIP,test_1,ISOSL1,,,,500.0,,25.5,,1.18,0.9,
114.0,Cs 0.05(FA0.95MA0.05)0.95Pb(I0.95Br0.05)3,buckminsterfullerene,poly(triarylamine),PIN,test_1,,Piperazinium Diiodide,55.0,25.0,,20.7,21.9,1.06,1.13,0.93,0.4
114.0,Cs 0.05(FA0.95MA0.05)0.95Pb(I0.95Br0.05)3,buckminsterfullerene,poly(triarylamine),PIN,test_2,ISOSLT,piperazinium iodide,,,200.0,,,,,0.9,0.87
115.0,,,,,test_2,,,,,2000.0,,24.0,,,0.95,0.8
115.0,,,,,test_1,ISOSD2,,,85.0,2184.0,,,,,0.95,0.75
116.0,formamidinium lead iodide,,Spiro[OMeTAD-3-fluorophenyl],NIP,test_1,,Titanium dioxide,50.0,,500.0,23.2,24.8,1.15,1.18,0.87,0.6
117.0,formamidinium lead iodide,Titanium dioxide,ion-modulated radical doping Spiro-OMeTAD,,test_1,,,70.0,,1200.0,,25.0,1.15,1.04,0.8,
117.0,formamidinium lead iodide,Titanium dioxide,ion-modulated radical doping Spiro-OMeTAD,,test_2,,,,70.0,800.0,,,,,0.8,
117.0,formamidinium lead iodide,Titanium dioxide,ion-modulated radical doping Spiro-OMeTAD,,test_3,,,,,500.0,,,,,0.95,0.85
118.0,Butylammonium bromide,,Spiro-OMeTAD,,test_1,,Butylammonium bromide,,,516.0,16.1,18.0,1.21,1.26,0.91,0.16
119.0,576,,bis(trifluoromethane)sulfonimide lithium salt/4-tert-butylpyridine (LiTFSI/tBP)doped poly(triarylamine),NIP,test_1,ISOSLT,,,85.0,1000.0,20.5,24.0,1.09,1.14,0.92,
119.0,576,,bis(trifluoromethane)sulfonimide lithium salt/4-tert-butylpyridine (LiTFSI/tBP)doped poly(triarylamine),NIP,test_2,ISOST,,,120.0,,,,,,0.95,0.55
119.0,576,,bis(trifluoromethane)sulfonimide lithium salt/4-tert-butylpyridine (LiTFSI/tBP)doped poly(triarylamine),NIP,test_3,ISOSLT,,50.0,,,,,,,0.9,0.4
120.0,(FA0.98MA0.02)0.95Cs0.05Pb(I0.95Br0.02)3,buckminsterfullerene,poly(triaryl amine),,test_1,ISOSLT,ferrocenyl-bis-thiophene-2-carboxylate,,,1500.0,23.0,25.0,1.13,1.18,0.72,
121.0,,,,,test_1,ISOSLT,,,,600.0,,26.0,,1.17,0.88,
122.0,formamidinium lead iodide,tin dioxide,Spiro-OMeTAD,NIP,test_1,ISOSD,,,,1000.0,,25.6,,1.18,0.96,
122.0,formamidinium lead iodide,tin dioxide,Spiro-OMeTAD,NIP,test_2,ISOSD,,,85.0,500.0,,,,,0.8,0.5
123.0,(FAPbI3)0.95(MAPbBr3)0.05,buckminsterfullerene,P3CT-N,,test_1,,,,85.0,2200.0,21.8,24.3,1.09,1.19,0.91,0.73
123.0,(FAPbI3)0.95(MAPbBr3)0.05,buckminsterfullerene,P3CT-N,,test_2,ISOSLT,,,55.0,1000.0,,,,,0.9,0.77
124.0,Cs 0.05(FA0.98MA0.02)0.95Pb(I0.98Br0.02)3,"6] -phenyl-C61-butyric acid methyl ester,[6","6-dimethoxy-9H-carbazol-9-yl)ethyl]phosphonic acid,[2-(3",PIN,test_1,,,,25.0,,22.3,24.6,,1.18,0.96,0.84
124.0,Cs 0.05(FA0.98MA0.02)0.95Pb(I0.98Br0.02)3,"6] -phenyl-C61-butyric acid methyl ester,[6","6-dimethoxy-9H-carbazol-9-yl)ethyl]phosphonic acid,[2-(3",PIN,test_2,,,,75.0,1000.0,,,,,0.88,0.56
124.0,Cs 0.05(FA0.98MA0.02)0.95Pb(I0.98Br0.02)3,"6] -phenyl-C61-butyric acid methyl ester,[6","6-dimethoxy-9H-carbazol-9-yl)ethyl]phosphonic acid,[2-(3",PIN,test_3_2,ISOST,,,60.0,,,,,,0.88,0.63
124.0,Cs 0.05(FA0.98MA0.02)0.95Pb(I0.98Br0.02)3,"6] -phenyl-C61-butyric acid methyl ester,[6","6-dimethoxy-9H-carbazol-9-yl)ethyl]phosphonic acid,[2-(3",PIN,test_3,,,,80.0,,,,,,98.9,0.75
125.0,Cs0.1FA0.9PbI3,tin dioxide,Spiro-OMeTAD,,test_1,ISOSD,,,45.0,1750.0,20.9,23.4,,,0.8,
125.0,Cs0.1FA0.9PbI3,tin dioxide,Spiro-OMeTAD,,test_3,ISOSLT,,,,960.0,,,,,0.8,
125.0,Cs0.1FA0.9PbI3,tin dioxide,Spiro-OMeTAD,,test_2_2,ISOSLT,,,85.0,500.0,,,,,0.89,
125.0,Cs0.1FA0.9PbI3,tin dioxide,Spiro-OMeTAD,,test_2,,,,65.0,,,,,,0.91,
126.0,formamidinium lead iodide,tin dioxide,Spiro-OMeTAD,NIP,test_1,ISOSLT,lead oxalate,,,550.0,23.4,25.3,1.16,1.18,0.92,0.6
127.0,,buckminsterfullerene,poly(triarylamine),PIN,test_1,ISOSLT,zinc-based halogenometallate,,,1009.0,,24.1,,1.19,0.94,
128.0,Cs0.05FA0.95PbI3,PCBM,poly(triarylamine),PIN,test_1,ISOST1,,,55.0,1500.0,21.7,25.1,1.12,1.15,0.98,0.78
128.0,Cs0.05FA0.95PbI3,PCBM,poly(triarylamine),PIN,test_2,ISOST1,,85.0,85.0,1200.0,,,,,0.92,
129.0,,buckminsterfullerene,"(2,7-Dimethoxy-9H-carbazol-9-yl)methyl phosphonic acid",PIN,test_1,ISOSLT,,,65.0,1200.0,,24.8,,1.19,0.98,0.7
129.0,,buckminsterfullerene,"(2,7-Dimethoxy-9H-carbazol-9-yl)methyl phosphonic acid",PIN,test_2,ISOSLT,,,,500.0,,,,,0.9,0.3
130.0,,,,,test_1,ISOSL3,,,30.0,1000.0,18.9,20.4,1.13,1.18,0.95,0.7
130.0,,,,,test_2,,,85.0,65.0,500.0,,,,,0.82,0.63
131.0,,,,porous insulator contact,test_1,ISOSLT,,,85.0,1000.0,23.0,25.5,1.13,1.19,0.98,
132.0,Cs0.05(FAPbI3)0.85(MAPbBr3)0.15,,DDT-treated spiro-OMeTAD,,test_1,ISOSD,,50.0,,430.0,22.7,23.1,1.17,1.19,0.97,0.68
132.0,Cs0.05(FAPbI3)0.85(MAPbBr3)0.15,,DDT-treated spiro-OMeTAD,,test_2,ISOSLT,,,508.0,,,,,,0.95,
132.0,Cs0.05(FAPbI3)0.85(MAPbBr3)0.15,,DDT-treated spiro-OMeTAD,,test_3,ISOSLT,,,,2000.0,,,,,0.93,0.1
133.0,Cs0.05FA0.9MA0.05Pb(I0.95Br0.05)3,buckminsterfullerene,Me-4PACz,PIN,test_1,ISOSLT,sodium thioglycolate,,,900.0,22.5,24.2,1.14,1.19,0.96,
134.0,FA0.98MA0.02Pbl3,,Spiro-OMeTAD,NIP,test_1,ISOSD,,85.0,85.0,300.0,,25.0,,1.17,0.85,0.6
134.0,FA0.98MA0.02Pbl3,,Spiro-OMeTAD,NIP,test_2,ISOSD,,20.0,25.0,2000.0,,,,,0.97,0.68
134.0,FA0.98MA0.02Pbl3,,Spiro-OMeTAD,NIP,test_1_2,ISOSLT,,,50.0,500.0,,,,,0.96,0.65
134.0,FA0.98MA0.02Pbl3,,Spiro-OMeTAD,NIP,test_3,ISOSD,,85.0,85.0,260.0,,,,,0.85,
135.0,,buckminsterfullerene,"11-dimethoxy-7H-dibenzo[c,4-(3,g]carbazol-7-yl)butyl)phosphonic acid",PIN,test_1,ISOSLT,methylammonium iodide,,25.0,1200.0,,25.6,,1.19,0.85,
135.0,,buckminsterfullerene,"11-dimethoxy-7H-dibenzo[c,4-(3,g]carbazol-7-yl)butyl)phosphonic acid",PIN,test_2_2,ISOSL2,,,85.0,1200.0,,,,,0.65,
135.0,,buckminsterfullerene,"11-dimethoxy-7H-dibenzo[c,4-(3,g]carbazol-7-yl)butyl)phosphonic acid",PIN,test_1_2,,,,85.0,800.0,,,,,0.53,
135.0,,buckminsterfullerene,"11-dimethoxy-7H-dibenzo[c,4-(3,g]carbazol-7-yl)butyl)phosphonic acid",PIN,test_2,,,,65.0,,,,,,0.85,
135.0,,buckminsterfullerene,"11-dimethoxy-7H-dibenzo[c,4-(3,g]carbazol-7-yl)butyl)phosphonic acid",PIN,test_3,,,,65.0,,,,,,0.9,
135.0,,buckminsterfullerene,"11-dimethoxy-7H-dibenzo[c,4-(3,g]carbazol-7-yl)butyl)phosphonic acid",PIN,test_3_2,,,,85.0,1200.0,,,,,0.74,
136.0,Cs0.05(FA0.95MA0.05)0.95Pb(I0.95Br0.05)3,buckminsterfullerene,"2,2'-(9,6-diyl)bis(4-(1H-pyrazol-1-yl)-phenyl)amine,9-dimethyl-9H-carbazol-3",,test_1,ISOSL1,,304.0,2000.0,,,23.4,,1.17,0.9,
136.0,Cs0.05(FA0.95MA0.05)0.95Pb(I0.95Br0.05)3,buckminsterfullerene,"2,2'-(9,6-diyl)bis(4-(1H-pyrazol-1-yl)-phenyl)amine,9-dimethyl-9H-carbazol-3",,test_2,ISOSD,,85.0,85.0,500.0,,,,,0.95,
137.0,,buckminsterfullerene,,PIN,test_1,ISOSD2,"3-diammonium iodide,propane-1",,85.0,1600.0,,26.4,,1.17,0.95,0.84
137.0,,buckminsterfullerene,,PIN,test_2,ISOSL3,,50.0,65.0,2000.0,,,,,0.96,0.7
138.0,Cs0.05MA0.10FA0.85PbI3,,,NIP,test_1,ISOSL3,,50.0,65.0,1000.0,,25.3,,,0.95,
139.0,FA0.95Cs0.05PbI3,buckminsterfullerene,poly(triaryl)amine,PIN,test_1,ISOSL1,,,,2500.0,25.4,23.5,1.14,1.16,0.92,0.8
139.0,FA0.95Cs0.05PbI3,buckminsterfullerene,poly(triaryl)amine,PIN,test_2,ISOSD3,,85.0,85.0,300.0,19.2,21.8,,,0.9,0.8
140.0,formamidinium lead halides,,,,test_1,,,,50.0,1258.0,,25.8,,,0.94,
141.0,,boron chloride subphthalocyanine,,PIN,test_1,ISOSD,,85.0,85.0,816.0,,21.3,,,0.8,0.8
141.0,,boron chloride subphthalocyanine,,PIN,test_2,ISOSO1,,,,1272.0,,,,,0.95,
142.0,,,,,test_2,,,,85.0,,,16.1,,,0.74,
142.0,,,,,test_1,,,65.0,,1200.0,,,,,0.71,
143.0,(FAPbI3)0.77(MAPbBr3)0.14(CsPbI3)0.09,,Spiro-OMeTAD,,test_1,,fluorophenylethylammonium iodide,,,,17.6,18.0,1.09,1.08,,
144.0,,,,,test_1,,glycine hydrochloride,,,,,23.6,,,,
145.0,Cs0.05(MA0.17FA0.83)0.95Pb(I0.83Br0.17)3,,Spiro-OMeTAD,,test_1,ISOSLT,4-fluoroaniline,,,95.0,17.8,20.4,1.02,1.13,0.75,0.5
146.0,Cs0.05(MA0.05FA0.95)0.95Pb(I0.95Br0.05)3,,,,test_1,,ortho-carborane,30.0,40.0,400.0,,23.0,,1.17,0.97,0.89
147.0,formamidinium lead iodide,,Spiro-OMeTAD,NIP,test_1,ISOSD,carbazole-triphenylamine and phenylammonium iodide units,85.0,85.0,1000.0,22.3,,,1.11,0.92,
147.0,formamidinium lead iodide,,Spiro-OMeTAD,NIP,test_2,ISOSLT,,,,1100.0,,24.7,,,0.94,0.66
148.0,Cs0.05FA0.85MA0.10Pb(I0.97Br0.03)3,,Spiro-OMeTAD,NIP,test_1_2,ISOSLT,phenylethylammonium iodide,507.0,,500.0,,0.84,,,,0.7
148.0,Cs0.05FA0.85MA0.10Pb(I0.97Br0.03)3,,Spiro-OMeTAD,NIP,test_1,,4-tert-butyl-benzylammonium iodide,,,,21.2,22.7,1.09,1.12,0.95,
149.0,FA0.7MA0.3Pb0.5Sn0.5I3,buckminsterfullerene,,,test_1,ISOSLT,4-trifluoromethyl-phenylammonium,305.0,35.0,600.0,,26.4,,,0.9,
,MAPbI3,PEDOT:PSS,PCBM,,,,DAAB,70.0,30.0,1000.0,4.5,12.6,0.87,0.92,68.0,90.0
,MAPbI3,PEDOT:PSS,PCBM,,,,DAAB,70.0,30.0,1000.0,4.5,12.6,0.87,0.92,50.0,90.0
,Cs 0.05 FA 0.9 MA 0.05 PbI 3,,,,,,Cyanoguanidine diiodide,,,60.0,20.44,23.04,1077.0,1119.0,83.0,77.0
,FA 0.6 MA 0.4 PbI2.7 Cl0.3,SnO2,Spiro-OMeTAD,,,,4-chlorobenzylammonium chloride (75%) and 4-chlorobenzylammonium bromide (25%),,,672.0,18.31,21.0,1.06,1.12,88.0,78.0
,MAPbI3,SnO2,Spiro-OMeTAD,,,,4-fluorobenzamine trifluoroacetate,45.0,45.0,500.0,19.19,21.01,1.09,1.13,80.5,48.0
,CsPbBr3,SnO2,Carbon paste,,,,2-thiopheneacetic acid (TPA),0.0,85.0,50.0,9.08,11.23,1.558,1.6720000000000002,87.0,80.0
,CsPbBr3,SnO2,Carbon paste,,,,2-thiopheneacetic acid (TPA),85.0,85.0,50.0,9.08,11.23,1.558,1.6720000000000002,89.0,79.0
,CsPbBr3,SnO2,Carbon paste,,,,2-thiopheneacetic acid (TPA),0.0,85.0,120.0,9.08,11.23,1.558,1.6720000000000002,120.0,15.0
,,,,,,,Phenethylammonium iodide (PEAI),,40.0,900.0,15.0,19.3,0.942,1.14,90.0,30.0
,,,,,,,Phenethylammonium iodide (PEAI),,65.0,700.0,15.0,19.3,0.942,1.14,90.0,50.0
,Cs0.05(FA0.83MA0.17)0.95Pb(I0.83Br0.17)3,SnO2,Spiro-OMeTAD,,,,Tetramethylguanidine hydrochloride (TMGHCL),35.0,25.0,16.0,20.12,22.0,1.05,1.12,93.29,
,MAPbI3,,,,,,sodium dodecyl sulfate (SDS),35.0,30.0,600.0,18.1,20.7,0.905,0.955,97.1,80.0
,MAPbI3,PCBM,NiOx,,,,cetyl pyridinium bromide (CPB),80.0,30.0,720.0,18.27,20.53,1.09,1.12,68.0,46.0
,FA 0.8 Cs 0.2 Pb(I 0.8 Br 0.2) 3,Me-4PACz,PCBM,,,,1-methyl-2-thio-1H-imidazole-5-carboxylate (SMC),,50.0,600.0,19.81,23.45,1.176,1.275,94.0,94.0
,ASnI2Br,C60,PEDOT:PSS,,,,PhSiH3,,,,3.65,5.5,0.52,0.64,100.0,100.0
,Cs0.15FA0.85PbI3,ITO,MeO-2PACz,,,,PEAI,55.0,25.0,1250.0,19.53,22.07,1.04,1.1,94.0,42.0
,CsPbI2Br,,,,,,4-Methoxybenzenethiol (MeOBT),30.0,25.0,480.0,8.92,14.08,1.15,1.27,90.0,
,,,,,,,1-aminoethyl-3-methylimidazolium tetrafluoroborate (AMFB),,85.0,1500.0,22.16,24.41,1.09,1.16,90.0,90.0
,,,,,,,4-trifluoromethyl phenylammonium iodide (CFPA),,,1992.0,11.22,14.37,0.96,1.1,96.2,85.5
,Cs0.05 FA0.83 MA0.17 Pb(I0.83 Br0.17)3,NiO,C60,,,,1-(2-methoxyethyl)-1-methylpiperidinium thiocyanate (MMP-SCN),52.0,25.0,1000.0,17.7,20.24,1.1,1.14,91.5,51.1
,,,,,,,4-Fluorophenylethylammonium iodide (F-DP),,80.0,1000.0,18.7,22.13,1.14,1.23,92.0,56.0
,FAPbI3,SnO2,Spiro-OMeTAD,,,,HCOO⁻,35.0,25.0,500.0,22.15,24.32,1.1,1.17,85.0,25.0
,FAPbI3,SnO2,Spiro-OMeTAD,,,,HCOO⁻,0.0,25.0,300.0,22.15,24.32,1.1,1.17,90.0,19.72
,FAPbI3,SnO2,Spiro-OMeTAD,,,,HCOO⁻,0.0,65.0,500.0,22.15,24.32,1.1,1.17,70.0,50.0
,,,,,,,4-hydroxy-4'-biphenylcarboxylic acid ethyl ester (EHBC),35.0,30.0,700.0,23.04,24.48,1.123,1.16,69.0,30.0
,FAPbBr3,FTO/Nb:TiO2/SnO2,ITO,,,,iso-Pentylammonium chloride,,50.0,400.0,4.2,7.25,1.41,1.73,98.7,98.7
,,,,,,,Tris(pentafluorophenyl)borane (TFB),,,1900.0,20.22,22.56,1.094,1.133,91.0,
,CsSnI3,TiO2,spiro-OMeTAD,,,,ZnO,,,,9.43,16.26,0.64,0.7000000000000001,,
,,Aluminum-doped zinc oxide (AZO),,,,,Mono-ethanolamine (MEA),,,1000.0,5.35,7.45,0.72,0.74,,70.0
,Cs 0.05 MA 0.35 FA 0.6 PbI 3,SnO2,Spiro-OMeTAD,,,,formamidine iodide (FAI),,20.0,1824.0,18.63,19.35,1.05,1.06,,91.0
,FA0.98MA0.02)0.95Cs0.05Pb(I0.98Br0.02)3,PC61BM,BCP,,,,Potassium (4-tert-butoxycarbonylpiperazin-1-yl) methyl trifluoroborate (PTFBK),,85.0,1000.0,23.3,24.99,1.128,1.171,87.0,60.0
,FA0.98MA0.02)0.95Cs0.05Pb(I0.98Br0.02)3,PC61BM,BCP,,,,Potassium (4-tert-butoxycarbonylpiperazin-1-yl) methyl trifluoroborate (PTFBK),70.0,60.0,1500.0,23.3,24.99,1.128,1.171,90.0,70.0
,FA0.98MA0.02)0.95Cs0.05Pb(I0.98Br0.02)3,PC61BM,BCP,,,,Potassium (4-tert-butoxycarbonylpiperazin-1-yl) methyl trifluoroborate (PTFBK),,,5000.0,23.3,24.99,1.128,1.171,85.0,65.0
,Cs2AgBiBr6,,,,,,Hydroxylamine hydrochloride (HaHc),,27.0,600.0,0.74,1.99,0.76,1.02,,80.0
,,,,,,,Guanidinium Bromide,,25.0,10.0,18.9,20.6,1.0,1.02,81.5,65.5
,,,,,,,5-(Difluoromethoxy)-2-mercapto-1H-benzimidazole (DMB),,,,12.7,14.4,0.93,0.98,95.0,66.0
,FA 0.8 MA 0.15 Cs 0.05 PbI2Br,,spiro-OMeTAD,,,,InCl3,,,600.0,16.06,17.54,1.06,1.13,,2.88
,FA 0.8 MA 0.15 Cs 0.05 PbI2Br,,spiro-OMeTAD,,,,InCl3,,,,16.06,17.54,1.06,1.13,,
,,c-TiO2,,,,,TiCl4,55.0,35.0,1344.0,5.38,7.12,793.5,879.6,84.27,75.84
,,c-TiO2,,,,,TiCl4,55.0,35.0,1344.0,5.38,7.12,793.5,879.6,85.5,75.84
,,,,,,Stability at 85°C in nitrogen environment,4-sulfobenzoic acid monopotassium salt (K-SBA),,85.0,1000.0,22.27,24.56,1.13,1.181,,
,,,,,,Stability at 50% humidity and 25°C,4-sulfobenzoic acid monopotassium salt (K-SBA),50.0,25.0,1200.0,22.27,24.56,1.13,1.181,,
,,,,,,Stability under continuous light exposure,4-sulfobenzoic acid monopotassium salt (K-SBA),,55.0,500.0,22.27,24.56,1.13,1.181,,
,CsPbI2Br,SnO2,Carbon,,,,N-(4-cyanophenyl)guanidine (NG),0.1,60.0,1440.0,10.24,12.89,1.1,1.22,90.0,70.0
,CsPbI2Br,SnO2,Carbon,,,,N-(4-cyanophenyl)guanidine (NG),,80.0,720.0,10.24,12.89,1.1,1.22,90.0,70.0
,FA0.95MA0.05Pb(I0.95Br0.05)3,Spiro-OMeTAD,Spiro-OMeTAD,,,,OA-TFSI,50.0,303.0,1500.0,19.1,22.1,0.97,1.13,100.0,100.0
,,TiO2,NiOx,,,,CH3NH3PbI3,50.0,1000.0,1000.0,13.7,17.5,0.8210000000000001,1.102,,
,,SnO2,,,,,cyclohexylmethylammonium chloride (CMACl),,,1000.0,22.38,25.47,1.116,1.184,92.0,54.0
,Cs0.03 FA0.97 PbI3,SnO2,spiro-OMeTAD,,,,tris(pentafluorophenyl)borane (BCF),45.0,25.0,1000.0,19.88,22.86,1.07,1.15,90.0,76.0
,MAPbI3 and MAGeI3,TiO2,Spiro-OMeTAD,,,,BiI3,,300.0,50.0,19.28,20.3,1.24,1.25,70.0,100.0
,,,,,,,2-hydroxy-4-n-octyloxy-benzophenone (UV5),,25.0,8.0,23.47,24.46,1.18,1.2,75.0,
,CsFAMA,TiO2,Spiro-OMeTAD,,,,Heptafluorobutylammonium iodide (F7),40.0,40.0,1000.0,18.1,20.31,1.11,1.33,,90.0
,CsPbBr3,TiO2,Carbon,,,,1-ethyl-3-methylimidazoliumiodide (EMI),,25.0,29.0,7.16,9.78,1.27,1.43,,83.0
,CsPbI2Br,,,,,,RbF,,,,8.99,10.82,1.05,1.14,42.0,
,CsPbI2Br,,,,,,RbF,20.0,25.0,10.0,8.99,10.82,1.05,1.14,60.0,20.0
,,,PEDOT:PSS,,,,Pentylammonium acetate (PenAAc),,25.0,1000.0,17.54,21.86,0.783,0.854,90.0,50.0
,,SnO2,,,,,Iodoacetamide (IAM),,65.0,300.0,20.46,22.41,1.1,1.12,,80.0
,,SnO2,,,,,Iodoacetamide (IAM),50.0,25.0,1000.0,20.46,22.41,1.1,1.12,80.0,
,CsPbI2Br,SnO2/SnCl2,,,,,3-Bromo-N-methylbenzylamine,48.0,20.0,200.0,10.83,14.35,1.18,1.21,78.0,71.0
,MA-contained,SnO2,Spiro-OMeTAD,,,,NH3,15.0,20.0,2000.0,20.98,24.51,1.179,1.229,90.0,57.0
,FAPbI3,TiO2,Spiro-OMeTAD,,,,MACl,,,,13.5,20.9,0.88,1.12,,
,CsPbI3,,,,,,PbCrO4,25.0,25.0,500.0,17.96,19.09,1.09,1.14,96.03,74.49
,CsPbI3,,,,,,PbCrO4,0.2,80.0,500.0,17.96,19.09,1.09,1.14,95.62,
,Cs0.065(FA0.7-MA0.3)0.935Pb(I0.89Br0.11)3,SnO2,Spiro-OMeTAD,,,,2-aminopyridine,30.0,30.0,2000.0,19.17,20.64,1.1,1.13,80.0,80.0
,FA 0.6 MA 0.4 PbI 3Àx Cl x,SnO 2,Spiro-MeOTAD,,,,SnCl 2,,85.0,12.0,20.81,20.81,1.17,1.17,,80.0
,FA 0.6 MA 0.4 PbI 3Àx Cl x,SnO 2,Spiro-MeOTAD,,,,SnCl 2,,,560.0,20.81,20.81,1.17,1.17,85.0,
,FA 0.75 MA 0.25 SnI3,SnO2,PCBM,,,,CsI,,25.0,1080.0,3.0,6.0,0.33,0.35,100.0,91.0
,"MAPbI3 (IIL), MAPbI3 -PbBr2 (BIL), MAPbI3 -PbCl2 (CLIL)",Carbon,,,,,1-methyl-3-propylimidazolium iodide (1-MPII),45.0,45.0,1100.0,10.32,13.73,921.0,1005.0,86.0,84.0
,"MAPbI3 (IIL), MAPbI3 -PbBr2 (BIL), MAPbI3 -PbCl2 (CLIL)",Carbon,,,,,1-methyl-3-propylimidazolium iodide (1-MPII),45.0,45.0,1100.0,10.32,13.73,921.0,1005.0,83.0,72.0
,"MAPbI3 (IIL), MAPbI3 -PbBr2 (BIL), MAPbI3 -PbCl2 (CLIL)",Carbon,,,,,1-methyl-3-propylimidazolium iodide (1-MPII),45.0,45.0,1100.0,10.32,13.73,921.0,1005.0,70.0,70.0
,,,,,,,4-MeO-PEACl,,65.0,312.0,18.39,22.63,1.04,1.13,,90.0
,,,,,,,4-MeO-PEACl,,,720.0,18.39,22.63,1.04,1.13,42.0,56.0
,,,,,,,4-MeO-PEACl,,50.0,1000.0,18.39,22.63,1.04,1.13,84.0,58.0
,CsPbI1.2Br1.8,SnO2,spiro-OMeTAD,,,,didodecyldimethylammonium bromide (DDAB),37.5,30.0,720.0,9.63,11.2,1.26,1.28,85.0,71.0
,,,,,,,6-bromocoumarin-3-carboxylic acid ethyl ester (BAEE),,25.0,110.0,24.24,26.32,1.151,1.201,90.0,90.0
,,,,,,,6-bromocoumarin-3-carboxylic acid ethyl ester (BAEE),,25.0,6.0,24.24,26.32,1.151,1.201,90.0,90.0
,,,,,,,6-bromocoumarin-3-carboxylic acid ethyl ester (BAEE),,25.0,1000.0,24.24,26.32,1.151,1.201,90.0,90.0
,FAPbI3_0.95 (MAPbBr3)_0.05,SnO2,Spiro-OMeTAD,n-i-p,,Stability under high humidity,1-(4-Fluorophenyl)-2-pyrrolidone (FPP),,65.0,1440.0,21.52,23.41,1.12,1.15,,
,FAPbI3_0.95 (MAPbBr3)_0.05,SnO2,Spiro-OMeTAD,n-i-p,,Stability under continuous illumination,1-(4-Fluorophenyl)-2-pyrrolidone (FPP),,25.0,0.5,21.52,23.41,1.12,1.15,,
,FAPbI3_0.95 (MAPbBr3)_0.05,SnO2,Spiro-OMeTAD,n-i-p,,Thermal stability,1-(4-Fluorophenyl)-2-pyrrolidone (FPP),,85.0,240.0,21.52,23.41,1.12,1.15,,
,FAPbI3_0.95 (MAPbBr3)_0.05,SnO2,Spiro-OMeTAD,n-i-p,,Long-term stability,1-(4-Fluorophenyl)-2-pyrrolidone (FPP),,25.0,12400.0,21.52,23.41,1.12,1.15,,
,,SnO2,,,,,4-SABA,,60.0,240.0,22.27,23.64,1.146,1.165,81.0,63.0
,MAPbI3,SnO2/FTO,Carbon,,,,MAPbI3,,300.0,,13.82,19.14,1.0,1.05,84.0,82.0
,FA 0.92 MA 0.08 PbI 2.76 Br 0.24,SnO2,spiro-OMeTAD,,,,2-chloro-5-(trifluoromethyl)-phenylammonium bromide (CF3-Cl-PhABr),35.0,27.0,750.0,20.9,21.9,1.17,6.94,,94.0
,,TiO2,,,,,C16H33(CH3)3NBr (CTAB),,,,0.36,0.68,0.36,0.37,,
,CH3NH3PbI3,SnO2,Spiro-OMeTAD,,,,Cu²⁺,0.1,25.0,500.0,17.82,23.04,1.07,1.09,,87.0
,Cs 0.05 (FA 0.83 MA 0.17 ) 0.95 Pb(I 0.83 Br 0.17 ) 3,MeO-2PACz,C 60,,,,SiO X,,25.0,275.0,19.2,20.8,1.1,1.15,,95.0
,Cs 0.05 (FA 0.83 MA 0.17 ) 0.95 Pb(I 0.83 Br 0.17 ) 3,MeO-2PACz,C 60,,,,SiO X,,85.0,300.0,19.2,20.8,1.1,1.15,,88.0
,MA 0.4 FA 0.6 PbI3,TiO2,PCBM,,,,CsF,,25.0,,16.18,18.24,0.94,0.97,,17.88
,FA 0.1 MA 0.9 PbI3,SnO2,Carbon,NIP,,Stability test under ambient air conditions,dodecylammonium chloride (DACl),,20.0,700.0,14.43,16.56,1.001,1.074,,
,FA0.8Cs0.2PbI2.7Br0.3,MeO-2PACz,MACl and FBACl,,,,"MeO-2PACz, MACl, FBACl",,25.0,1000.0,16.1,19.2,1.13,1.14,100.0,52.0
,Cs0.1 FA0.9 PbBr0.3 I2.7,C60,MeO-2PACz,PIN,,shelf-stability,PEABr,20.0,300.0,336.0,20.38,23.46,1.12,1.14,,
,FA0.85MA0.1Cs0.05PbI3,C60 and BCP,,,,,2-Aminoethane-1-thiol hydrochloride,,500.0,500.0,22.6,25.0,1.14,1.18,95.0,63.0
,CsPbIBr2,SnO2,CuAlO2,,,,Ac- (acetate),,,,14.45,16.79,1.6,1.665,,
,3D MAPbI3 / 3D FAPbI3,TiO2/metal-oxide,spiro-MeOTAD,,,,FAPbI3,,,900.0,20.15,23.08,1.093,1.16,,89.0
,3D MAPbI3 / 3D FAPbI3,TiO2/metal-oxide,spiro-MeOTAD,,,,FAPbI3,0.2,65.0,600.0,20.15,23.08,1.093,1.16,90.0,70.0
,3D MAPbI3 / 3D FAPbI3,TiO2/metal-oxide,spiro-MeOTAD,,,,FAPbI3,0.2,85.0,600.0,20.15,23.08,1.093,1.16,88.0,68.0
,3D MAPbI3 / 3D FAPbI3,TiO2/metal-oxide,spiro-MeOTAD,,,,FAPbI3,,65.0,600.0,20.15,23.08,1.093,1.16,86.0,68.0
,3D MAPbI3 / 3D FAPbI3,TiO2/metal-oxide,spiro-MeOTAD,,,,FAPbI3,,85.0,600.0,20.15,23.08,1.093,1.16,84.0,62.0
,3D MAPbI3 / 3D FAPbI3,TiO2/metal-oxide,spiro-MeOTAD,,,,FAPbI3,,65.0,600.0,20.15,23.08,1.093,1.16,80.0,48.0
,3D MAPbI3 / 3D FAPbI3,TiO2/metal-oxide,spiro-MeOTAD,,,,FAPbI3,,85.0,600.0,20.15,23.08,1.093,1.16,76.0,35.0
,3D MAPbI3 / 3D FAPbI3,TiO2/metal-oxide,spiro-MeOTAD,,,,FAPbI3,52.0,1.0,300.0,20.15,23.08,1.093,1.16,95.0,65.0
,FAPbI3,SnO2,Spiro-OMeTAD,,,,Chloroacetamidine hydrochloride (CAHC),7.5,25.0,1000.0,22.59,24.78,1.1,1.15,99.0,63.7
,,SnO2,,,,,Guanidinium phosphate (GP),40.0,25.0,1000.0,21.81,23.91,1.09,1.14,73.91,90.05
,MAPbI3,m-TiO2,FTO,,,,1-ethyl-3-methylimidazolium acetate,,,,18.6,20.1,0.76,0.8,92.0,85.0
,,C60,NiO,,,,Piperazinium iodide (PPI),,25.0,1000.0,18.0,19.0,0.95,1.0,90.0,70.0
,,,,,,,NaSCN,60.0,25.0,1000.0,5.16,8.26,1.225,1.366,83.7,61.0
,Cs 0.05 FA 0.81 MA 0.1 PbI 2.55 Br 0.45,,,,,,Pb(SCN)₂,50.0,60.0,,12.7,18.3,1.2,1.25,97.0,95.0
,,,,,,,Tri(otolyl)phosphine (TTP),0.0,25.0,290.0,22.03,23.81,1.13,1.16,80.0,90.0
,,,,,,,Tri(otolyl)phosphine (TTP),12.0,25.0,1050.0,22.03,23.81,1.13,1.16,96.2,40.0
,FAPbI3,,,,,,2-MTHF,50.0,50.0,120.0,21.89,23.58,1.09,1.136,98.22,73.27
,Cs 0.17 FA 0.83 Pb(I 0.83 Br 0.17 ) 3,TiO2,spiro-OMeTAD,,,,NaCl,32.5,25.0,1400.0,14.11,14.69,1.076,1.085,100.0,90.0
,Cs 0.15 FA 0.75 MA 0.1 PbI 3,SnO2,Spiro-OMeTAD,,,,H2O,20.0,25.0,1000.0,19.75,22.6,1.11,1.16,78.1,57.4
,Cs0.15FA0.81MA0.04PbI2.86Br0.14,C60,NiOx,,,,CsI,,25.0,144.0,18.7,20.5,1.04,1.06,80.0,
,FA0.75MA0.25SnI3,C60,BCP,,,,ZnI2,,,28.0,10.2,12.8,0.61,0.72,77.0,69.0
,FAPbI3,SnO2,spiro-OMeTAD,,,,D-Glutamic acid (Glu),20.0,25.0,10.0,11.23,12.97,1.08,1.09,80.0,80.0
,,,,,,,Pyridinium Tetrafluoroborate (PyBF4),,,,20.9,22.7,1.05,1.08,67.7,
,CsPbI2Br,,,,,,dibenzoylmethane (DBM),25.0,25.0,500.0,11.72,13.46,1.12,1.189,90.0,90.0
,CsPbI2Br,,,,,,dibenzoylmethane (DBM),,65.0,500.0,11.72,13.46,1.12,1.189,91.0,28.0
,,,,,,,Methylamine (MAI),,100.0,1.0,26.0,21.0,1.2,1.1,91.0,85.0
,CsPbI3,P3HT,P3HT,,,,n-hexyl trimethyl ammonium bromide (HTAB),,,500.0,12.9,15.8,1.07,1.14,15.8,12.9
,PbI2,SnO2,Spiro-OMeTAD,,,,Trisodium citrate,35.0,22.0,2500.0,18.94,21.17,1.115,1.178,,81.0
,,,,,,,4-aminophenyl sulfone (APS),,30.0,1000.0,21.26,23.03,1.11,1.14,,93.0
,,,,,,,4-aminophenyl sulfone (APS),0.1,70.0,200.0,21.26,23.03,1.11,1.14,90.0,
,,,,,,,6-(Trifluoromethyl)pyridine-3-amidinehydrochloride,,,400.0,21.02,23.17,1.112,1.169,90.0,80.0
,FACsPbI3,MeO-2PACz,PCBM,,,,Coumarin dye (7-diethylaminobenzopyran-2-one),55.0,25.0,2000.0,17.06,20.85,1.03,1.06,92.0,70.0
,MA 1Àx FA x PbI 3,ITO/2PACz,C60/BCP/Ag,,,,Oleylamine (OAmI),0.2,85.0,1000.0,14.0,19.7,991.8,1115.5,,85.0
,CsPbBr3,TiO2,Carbon,,,,1-ethyl-3-methylimidazoliumiodide,70.0,25.0,29.0,7.16,9.78,1.27,1.4,,83.0
,,SnO2,,,,,Sodium citrate (SC),,,,21.03,22.04,1.091,1.12,,91.3
,,SnO2,,,,,Sodium citrate (SC),45.0,,,21.03,22.04,1.091,1.12,87.02,72.01
,,,,,,,Guanidine phosphate,,1000.0,,23.16,24.55,1.139,1.181,90.0,60.0
,,,,,,,Guanidine phosphate,,1400.0,,23.16,24.55,1.139,1.181,90.0,40.0
,,,,,,,Hydroxylamine-O-Sulfonic Acid (HOSA),,65.0,480.0,21.53,23.33,1.131,1.179,,90.0
,,,,,,,Hydroxylamine-O-Sulfonic Acid (HOSA),,,650.0,21.53,23.33,1.131,1.179,95.0,82.0
,,,,,,,Hydroxylamine-O-Sulfonic Acid (HOSA),,,1400.0,21.53,23.33,1.131,1.179,96.0,60.0
,,SnO2,Spiro-OMeTAD,,,,4-(2-carboxyvinyl) benzoic acid,47.5,25.0,1000.0,18.26,20.28,1.051,1.082,78.0,45.0
,,,,,,,diethylammonium iodide (DEAI),25.0,25.0,1000.0,21.73,24.26,1.12,1.13,92.0,58.0
,,,,,,,diethylammonium iodide (DEAI),,25.0,850.0,21.73,24.26,1.12,1.13,83.4,67.7
,PEA 0.15 FA 0.75 MA 0.10 SnI2 Br,PEDOT:PSS,PCBM,,,,4-Phenylthiosemicarbazide (4PTSC),30.0,25.0,1200.0,8.68,12.22,0.78,0.94,80.0,20.0
,,SnO2,,,,,SnO2,30.0,30.0,41.0,22.58,24.16,1.14,1.17,87.0,77.0
,,,,,,,2-(4-(methylsulfonyl) phenyl)ethylamine hydrochloride (MSPE-Cl),,35.0,2000.0,22.34,24.16,1.17,1.191,93.0,67.0
,MAPbI3,PC60BM,NiOx,,,,CuI,,300.0,,17.1,18.1,0.99,1.08,,
,MAPbI3,PC60BM,NiOx,,,,CuI,,100.0,,17.1,18.1,0.99,1.08,,
,MAPbI3,PC60BM,NiOx,,,,CuI,,300.0,,17.1,18.1,0.99,1.08,,
,FAPbI3,TiO2,Carbon,,,,K2S,,80.0,0.16666666666666666,17.77,20.07,960.0,1019.0,100.0,100.0
,FA 0.83 Cs 0.05 MA 0.12 PbI 2.64 Br 0.36,,,,,,Guanidine iodide (GAI),,,336.0,17.47,20.56,1.12,1.15,81.0,60.0
,FA 0.83 Cs 0.05 MA 0.12 PbI 2.64 Br 0.36,,,,,,Guanidine iodide (GAI),,,240.0,17.47,20.56,1.12,1.15,62.0,37.0
,,,,,,,Bis(trifluoromethyl) benzo amide (BTFZA),45.0,,600.0,17.06,19.85,1.06,1.1,86.0,70.0
,,,,,,,2-mercapto-4-methyl-5-thiazoleacetic acid (MMTA),,,1000.0,21.17,23.44,1.059,1.165,87.0,65.0
,,,,,,,2-mercapto-4-methyl-5-thiazoleacetic acid (MMTA),,,1500.0,21.17,23.44,1.059,1.165,97.0,60.5
,CsPbI2Br,ZnO,Spiro-OMeTAD,,,,ZrCl4,20.0,25.0,1000.0,14.17,16.6,1.21,1.29,91.0,71.0
,CsPbI2Br,ZnO,Spiro-OMeTAD,,,,ZrCl4,0.2,85.0,500.0,14.17,16.6,1.21,1.29,92.0,
,,SnO2,,,,,DL-cysteine hydrochloride monohydrate (DLCH),,65.0,1800.0,21.61,24.01,1.154,1.186,93.0,67.0
,,SnO2,,,,,Mn(Ac)2,30.0,25.0,600.0,21.11,23.36,1.12,1.16,,90.0
,CsPbI3-xBrx,TiO2,Spiro-OMeTAD,,,,2-methoxy-5-trifluoromethylaniline (MFA),30.0,30.0,840.0,19.89,22.14,1.211,1.282,63.0,88.0
,CsPbI3-xBrx,TiO2,Spiro-OMeTAD,,,,2-methoxy-5-trifluoromethylaniline (MFA),0.0,250.0,250.0,19.89,22.14,1.211,1.282,86.9,23.6
,,,,,,,Guanidine hydrochloride (GuHCl),,6.0,144.0,13.1,18.6,1.011,1.056,90.0,50.0
,CsPbI3,TiO2,Spiro-OMeTAD,,,,3-amino-1-propanesulfonic acid (SA),5.0,35.0,720.0,19.01,21.86,1.2,1.26,87.1,63.1
,CsPbIBr2,CuI,,,,,MACl,,4000.0,1.1111111111111112,5.24,8.25,0.9,1.16,,98.0
,CsPbIBr2,CuI,,,,,MACl,,1000.0,,5.24,8.25,0.9,1.16,89.0,69.0
,CsPbI3,TiO2,spiro-OMeTAD,,,,PbSiO3,5.0,25.0,600.0,18.9,20.59,1.17,1.22,92.0,92.0
,Cs0.05(MA0.17FA0.83)0.95Pb(I0.83Br0.17)3,PCBM,Cu(In0.3Ga0.7)3S5,,,,Cu(In0.3Ga0.7)3S5,30.0,20.0,656.0,15.19,26.1,1049.0,1200.0,70.0,70.0
,Cs0.05(MA0.17FA0.83)0.95Pb(I0.83Br0.17)3,PCBM,Cu(In0.3Ga0.7)3S5,,,,Cu(In0.3Ga0.7)3S5,80.0,55.0,2400.0,15.19,26.1,1049.0,1200.0,70.0,30.0
,,,,,,,PTFE,35.0,1500.0,,24.04,25.49,1.166,1.188,92.6,80.4
,PEA2(MA)3Pb4I13,PCBM,PEDOT:PSS,,,,PbCl2,50.0,25.0,14.0,10.36,10.36,1.025,1.025,,
,,n-NiOx,NiOx,,,,Capsaicin (CAP),30.0,30.0,1000.0,20.09,20.48,1.099,1.108,83.0,92.0
,,,,,,,difluoromethyl phosphonic acid diethyl ester (2F-PAE),60.0,25.0,1500.0,20.54,23.69,1.087,1.188,82.0,44.0
,,,,,,,difluoromethyl phosphonic acid diethyl ester (2F-PAE),,85.0,1000.0,20.54,23.69,1.087,1.188,81.0,54.0
,,SnO_x,Spiro-OMeTAD,,,,4-Acetamidobenzoic acid,35.0,25.0,3000.0,19.3,22.51,1.08,1.14,,81.0
,,,,,,,Benzyl methacrylate (BMA),85.0,85.0,1200.0,22.88,25.31,1.141,1.184,85.1,40.4
,,,,,,,Benzyl methacrylate (BMA),,25.0,2000.0,22.88,25.31,1.141,1.184,89.6,70.0
,,,,,,,Benzyl methacrylate (BMA),,65.0,240.0,22.88,25.31,1.141,1.184,90.1,42.1
,,,,,,,pentaerythritol triacrylate (PETA),,,20000.0,21.7,24.9,1.12,1.17,92.0,25.0
,FAPbI3,SnO2,,,,,potassium 2-(N-morpholino)ethanesulfonate (MES-K),,2000.0,2000.0,24.03,25.14,1152.0,1188.0,,95.0
,FAPbI3,SnO2,,,,,potassium 2-(N-morpholino)ethanesulfonate (MES-K),,1000.0,1000.0,24.03,25.14,1152.0,1188.0,90.0,
,,,,,,,PEAI,,25.0,500.0,22.57,25.4,1.129,1.176,94.5,73.4
,,,,,,,PEAI,,25.0,1000.0,22.57,25.4,1.129,1.176,98.7,22.02
,,,,,,,PEAI,,25.0,1700.0,22.57,25.4,1.129,1.176,,
,,,,,,,1-naphthylmethylammonium formate (NMACOOH),,1800.0,1800.0,22.46,24.75,1.1,1.19,,98.0
,,,,,,,1-naphthylmethylammonium formate (NMACOOH),,658.0,658.0,22.46,24.75,1.1,1.19,83.0,80.0
,CsPbBr3,,,,,,Methanol,,,600.0,6.09,7.91,1.18,1.39,,93.0
,FA0.83Cs0.17PbI3,SnO2,,,,,TAI (Tetradecylammonium iodide),50.0,25.0,1500.0,16.66,19.97,1.03,1.09,,90.0
,FA0.83Cs0.17PbI3,SnO2,,,,,TAI (Tetradecylammonium iodide),,25.0,900.0,16.66,19.97,1.03,1.09,95.9,
,Cs 0.05 (FA 0.81 MA 0.14)Pb (I 0.95 Br 0.05) 3,PC 61 BM,BCP,,,,4-bromophenylacetic acid (4BrPA),,,,23.52,23.31,1.14,1.18,,
,Cs 0.05 (FA 0.81 MA 0.14)Pb (I 0.95 Br 0.05) 3,PC 61 BM,BCP,,,,4-bromophenylacetic acid (4BrPA),,,0.08333333333333333,23.52,23.31,1.14,1.18,,
,Cs 0.05 (FA 0.81 MA 0.14)Pb (I 0.95 Br 0.05) 3,PC 61 BM,BCP,,,,4-bromophenylacetic acid (4BrPA),,,,23.52,23.31,1.14,1.18,,
,Cs0.2FA0.8Pb(I0.8Br0.2)3,NiOx,Me-4PACz,,,,Guanidine thiocyanate (GuSCN),0.1,25.0,3384.0,17.67,20.92,1.15,1.2,,95.4
,Cs0.2FA0.8Pb(I0.8Br0.2)3,NiOx,Me-4PACz,,,,Guanidine thiocyanate (GuSCN),,25.0,2112.0,17.67,20.92,1.15,1.2,86.6,82.8
,,SnO2,spiro-OMeTAD,,,,2-amino-3-methylbenzo[d]thiazol-3-ium iodide (AMBTI),25.0,40.0,500.0,20.5,24.2,1.083,1.166,90.0,90.0
,FAPbI3,SnO2,spiro-MeOTAD,,,,KCl,,,0.25,17.37,20.59,0.905,1.059,70.0,50.0
,(4-FPEA) 2 MA 4 Pb 5 I 16,,,,,,formamidinium chloride (FACl),60.0,60.0,1300.0,10.35,19.83,1.12,1.14,92.0,90.0
,(4-FPEA) 2 MA 4 Pb 5 I 16,,,,,,formamidinium chloride (FACl),60.0,60.0,1300.0,10.35,19.83,1.12,1.14,81.0,49.0
,,,,,,,difluoroacetic anhydride (DFA),25.0,25.0,1152.0,22.64,24.74,1.129,1.147,95.75,70.25
,CsPbI3,PTAA,C60 pyrrolidine tris-acid (CPTA),,,,Cs4PbBr6,50.0,25.0,1000.0,18.8,21.03,1.18,1.22,76.33,76.33
,CsPbI3,PTAA,C60 pyrrolidine tris-acid (CPTA),,,,Cs4PbBr6,85.0,25.0,1000.0,18.8,21.03,1.18,1.22,66.03,56.38
,CsPbI3,PTAA,C60 pyrrolidine tris-acid (CPTA),,,,Cs4PbBr6,85.0,85.0,1000.0,18.8,21.03,1.18,1.22,7.52,8.71
,,,,,,,2-Methoxyphenylethylammonium iodide (2-MeO-PEAI),,,340.0,21.82,23.07,1.12,1.134,94.0,80.0
,,,,,,,2-Methoxyphenylethylammonium iodide (2-MeO-PEAI),,,1000.0,21.82,23.07,1.12,1.134,92.2,
,FAPbI3,SnO2/ITO,Spiro-OMeTAD,,,,magnesium glutamate,20.0,25.0,15.0,11.58,13.48,1.11,1.15,72.0,58.0
,FA 0.91 Cs 0.09 PbI2 0.3 Br 0.7,C60,2PACz,,,,LiF,,50.0,50.0,15.2,17.5,0.91,1.1,100.0,100.0
,FA0.85Cs0.15PbI3,PCBM,PTAA,,,,2-butynoic acid (BA),0.1,85.0,500.0,19.74,23.33,1.04,1.14,81.06,29.95
,FA0.85Cs0.15PbI3,PCBM,PTAA,,,,2-butynoic acid (BA),40.0,20.0,500.0,19.74,23.33,1.04,1.14,72.03,25.12
,FA0.85Cs0.15PbI3,PCBM,PTAA,,,,2-butynoic acid (BA),0.2,25.0,1000.0,19.74,23.33,1.04,1.14,93.98,54.5
,FACsPbI3,PCBM,Me-4PACz,,,,Pb(SCN)2,52.0,65.0,1000.0,23.7,25.11,1.12,1.14,94.0,78.0
,,,,,,,Octylammonium iodide (OAI),20.0,,720.0,12.97,14.64,1.01,1.05,,91.0
,,,,,,,Thiophene-2-acetamide (TAA),35.0,35.0,320.0,18.25,20.62,1.08,1.11,85.0,63.0
,,,,,,,Thiophene-2-acetamide (TAA),65.0,65.0,320.0,18.25,20.62,1.08,1.11,76.0,47.0
,,,,,,,Thiophene-2-acetamide (TAA),85.0,85.0,3.0,18.25,20.62,1.08,1.11,91.0,74.0
,FA0.5Cs0.5PbI3,TiO2-SnO2,spiro-OMeTAD,,,,MeO-PEAI,10.0,25.0,2000.0,18.5,21.3,1.16,1.21,96.0,57.0
,,,,,,,MACl,30.0,30.0,,6.42,9.42,0.502,0.581,95.0,84.0
,,SnO2,Spiro-OMeTAD,,,,8-Hydroxyquinoline,,1100.0,,17.9,20.42,1.03,1.1,74.0,52.0
,,,,,,,Benzophenone (BP-5 and BP-9),,600.0,600.0,23.43,25.47,1.1492,1.1913,,96.0
,,,,,,,Benzophenone (BP-5 and BP-9),,1000.0,1000.0,23.43,25.47,1.1492,1.1913,91.15,78.0
,,,,,,,Phenylenediammonium Iodide (PDA),,,1080.0,19.77,21.15,1.094,1.145,70.0,30.0
,,,,,,,Phenylenediammonium Iodide (PDA),,85.0,240.0,19.77,21.15,1.094,1.145,85.0,50.0
,FASnI3,"ITO/poly(3,4-ethylene dioxythio-phene):poly(styrenesulfonate)",C60,,,,4-fluorobenzylammonium bromide,50.0,25.0,180.0,11.47,14.13,0.7010000000000001,0.797,100.0,32.7
,,SnO2-Zn,,,,,ZnCl2,5.0,20.0,1000.0,22.88,24.12,1.14,1.16,90.0,62.0
,,,,,,,benzyl cyanoacetate (BCA),35.0,35.0,2034.0,18.07,20.23,1.06,1.12,70.0,30.0
,,,,,,,benzyl cyanoacetate (BCA),,65.0,193.0,18.07,20.23,1.06,1.12,80.0,35.0
,,,,,,,benzyl cyanoacetate (BCA),35.0,30.0,72.0,18.07,20.23,1.06,1.12,60.0,10.0
,,,,,,,fluorophenylethylammonium iodide (FPEAI),,30.0,300.0,18.51,20.85,1.137,1.211,96.0,87.0
,CH3NH3PbI3,PCBM,PEDOT:PSS,,,,N-methyl-4-piperidone (NMPD),35.0,25.0,800.0,16.3,20.1,0.97,1.08,,78.4
,CsPbBr3,SnO2,NiOx,,,,KBr,60.0,60.0,1300.0,5.89,7.28,1.41,1.55,,87.0
,,,,,,,4-(carboxycarbonyl)piperazinium iodide (CCPI),,85.0,1200.0,22.94,25.74,1.103,1.166,88.0,
,,SnO2,Spiro-OMeTAD,,,,Sodium p-styrenesulfonate (SSS),,90.0,2160.0,21.45,24.23,1.12,1.16,92.0,72.0
,,SnO2,,,,,SmCl3,,25.0,500.0,21.87,24.1,1.121,1.174,97.0,89.0
,,SnO2,,,,,Rb2CO3,,,300.0,20.11,22.1,1.1,1.15,73.0,43.0
,,,spiro-OMeTAD,,,,CuS,25.0,25.0,2300.0,22.74,24.67,1.149,1.188,,87.0
,,SnO2,,,,,SrO,,,2000.0,21.79,24.06,1.12,1.16,17.83,22.5
,SnI2,ITO,ICBA,,,,4-Hydroxypyridine,0.2,25.0,2000.0,7.7,11.3,0.77,0.86,100.0,
,,,,,,,m-ClPEAI,40.0,20.0,200.0,20.8,23.42,1.09,1.13,98.0,73.0
,,,,,,,m-ClPEAI,70.0,60.0,60.0,20.8,23.42,1.09,1.13,91.0,76.0
,,,,,,,m-ClPEAI,,25.0,1000.0,20.8,23.42,1.09,1.13,87.0,36.0
,,,,,,,4-nitrobenzenethiol and 4-methoxybenzenethiol,50.0,25.0,24.0,14.5,16.44,1.22,1.27,70.0,60.0
,CsPbI2.85Br0.15,P3CT-N,PCBM,,,,3-amino-5-bromopyridine-2-formamide (ABF),,85.0,500.0,19.72,20.8,1.203,1.247,,89.83
,CsPbI2.85Br0.15,P3CT-N,PCBM,,,,3-amino-5-bromopyridine-2-formamide (ABF),52.0,25.0,200.0,19.72,20.8,1.203,1.247,92.57,60.11
,,,,,,,1-ethyl-3-methylimidazolium acetate ([EMIM]Ac),30.0,18.0,240.0,16.95,19.29,1.09,1.13,95.0,75.0
,,,Spiro-OMeTAD,,,,PC,,25.0,1370.0,22.14,24.8,1.128,1.181,92.0,48.0
,CsPbI2.75Br0.25,,P3HT,,,,neopentylamine,20.0,25.0,1200.0,19.77,19.77,1.152,1.152,93.2,64.9
,FA0.97Cs0.03PbI3,Spiro-OMeTAD,PCBM,,,,3-Amino-4-Phenylbutyric Acid Hydrochloride (APH),25.0,25.0,5200.0,22.74,24.14,1.128,1.151,87.0,74.0
,α-FAPbI3,SnO2,Spiro-OMeTAD,,,,(NH4)2CrO4,,25.0,700.0,23.64,25.72,1.138,1.177,97.0,60.0
,Cs 0.05 (FAPbI 3 ) 0.85 (MAPbBr 3 ) 0.15,SnO 2,Au,,,,MgO,,35.0,7200.0,20.27,22.74,1.163,1.223,,80.0
,Cs 0.05 (FAPbI 3 ) 0.85 (MAPbBr 3 ) 0.15,SnO 2,Au,,,,MgO,,60.0,2000.0,20.27,22.74,1.163,1.223,91.0,
,Cs 0.05 (FAPbI 3 ) 0.85 (MAPbBr 3 ) 0.15,SnO 2,Au,,,,MgO,,85.0,162.0,20.27,22.74,1.163,1.223,80.0,
,CsPbIBr2,,,,,,1-ethyl-3-methylimidazolium iodide,,30.0,816.0,6.96,10.13,1.16,1.24,88.0,40.0
,,,,,,,3-chloropropylamine-hydrochloride (CPAC),37.5,,1500.0,10.04,14.11,1.09,1.23,89.0,60.0
,MAPbI3,TiO2,PTAA,,,,"MAI, MASCN, MAAc",30.0,10.0,700.0,13.07,14.98,1.16,1.2,80.0,80.0
,"CsI (0.6 Br, 0.4) and FA (0.8) MA (0.2) PbI2 Br",PFN-Br,MoO3,,,,Chloroformamidinium,,25.0,100.0,16.0,22.0,1.63,1.88,75.0,85.0
,,SnO2,AgBiS2,,,,3-chloro-1-propanethiol (CPT),20.0,25.0,145.0,7.75,10.84,0.476,0.511,,99.3
,,SnO2,AgBiS2,,,,3-chloro-1-propanethiol (CPT),60.0,25.0,11.0,7.75,10.84,0.476,0.511,,88.6
,,,,,,,cyclohexylammonium iodide (CHAI),,,1500.0,17.42,21.35,1.03,1.12,84.5,50.0
,Rb0.03Cs0.05FA0.90MA0.05PbI3,MeO-2PACz,NiOx,,,,Tetrafluorosuccinic acid,,85.0,600.0,22.17,25.92,1.11,1.169,73.0,73.0
,Rb0.03Cs0.05FA0.90MA0.05PbI3,MeO-2PACz,NiOx,,,,Tetrafluorosuccinic acid,,,1826.0,22.17,25.92,1.11,1.169,84.0,53.0
,FAPbI3,SnO2/FTO,spiro-OMeTAD,,,,MACl,,,1000.0,18.2,21.1,0.937,1.059,,90.0
,,,,,,,morpholinium iodide (MPI),35.0,20.0,250.0,6.44,12.04,0.596,0.803,,77.0
,,,,,,,morpholinium iodide (MPI),,20.0,500.0,6.44,12.04,0.596,0.803,71.0,35.0
,FA0.85MA0.15PbI3,TiO2,Spiro-OMeTAD,,,,6-Methylnicotinamide (CNA),25.0,25.0,2000.0,22.21,24.33,1.114,1.175,91.0,80.0
,MAPbI3,PFNBr,PCBM,,,,PEA,20.0,20.0,600.0,18.6,21.49,1.059,1.144,94.4,57.1
,MAPbI3,PFNBr,PCBM,,,,PEA,,85.0,400.0,18.6,21.49,1.059,1.144,78.0,54.9
,,SnO2,,,,,CeO2,,25.0,1700.0,20.7,22.71,1.06,1.12,77.0,19.0
,MAPbI3,C60,BCP,,,,KI,,40.0,760.0,18.5,20.07,1.04,1.06,,61.5
,FA0.83Cs0.17Pb(I0.75Br0.25)3,,,,,,3-aminopropyltrimethoxysilane (APTMS),0.1,25.0,1000.0,21.5,86.0,1.16,1.16,86.0,58.0
,,,,,,Stability Test 1,2-Anisidine-4-Sulfonic Acid,,25.0,1000.0,20.71,23.06,1.11,1.15,,
,,,,,,Stability Test 2,2-Anisidine-4-Sulfonic Acid,,60.0,300.0,20.71,23.06,1.11,1.15,,
,FAPbI3 0.99-(MAPbBr3) 0.01,SnO2,Spiro-OMeTAD,,,,HNCO,,25.0,1200.0,22.71,24.41,1.13,1.17,,94.0
,FAPbI3 0.99-(MAPbBr3) 0.01,SnO2,Spiro-OMeTAD,,,,HNCO,20.0,20.0,720.0,22.71,24.41,1.13,1.17,95.0,80.0
,PEA 0.15 FA 0.70 EA 0.15 SnI 2.70 Br 0.30,,,,,,ErCl3,25.0,25.0,1300.0,12.8,14.0,0.77,0.8300000000000001,80.0,80.0
,PEA 0.15 FA 0.70 EA 0.15 SnI 2.70 Br 0.30,,,,,,ErCl3,25.0,25.0,3500.0,12.8,14.0,0.77,0.8300000000000001,80.0,
,,SnO2,,,,,N-(2-hydroxyethyl) ethylene diamine triacetic acid trisodium salt (HEDTA-3Na),22.5,25.0,1600.0,20.82,23.11,1.106,1.156,90.0,
,Cs 0.2 FA 0.8 Pb(I 0.6 Br 0.4) 3,C60,BCP,,,,Imidazolium (IA),,25.0,,18.64,19.5,1.31,1.35,93.0,20.0
,,,,,,,1-(3-(trifluoromethyl)phenyl) thiourea (TPT),40.0,30.0,2000.0,22.04,24.71,1.08,1.14,88.0,40.0
,CsPbI3,SnO2,Spiro-OMeTAD,,,,Oleylamine (OAm),40.0,25.0,10.0,12.83,15.16,1.2,1.26,70.0,45.0
,Cs 0.05 FA 0.81 MA 0.14 PbBr 0.14 I 2.86,NiOx,,,,,Methylammonium iodide (MAI),,25.0,120.0,16.6,20.4,0.938,1.04,,78.7
,,SnO2,,,,,Potassium L-glutamate (PL-Glu),,,2700.0,22.66,24.1,1.13,1.15,92.0,75.0
,,,,,,,2-methoxy-5-trifluoromethylaniline (MFA),35.0,30.0,840.0,19.89,22.14,1.211,1.282,88.0,63.0
,Cs 0.05 FA 0.85 MA 0.1 PbI 2.9 Br 0.1,Spiro-OMeTAD,Ag,,,,Triphenylamine (TPA),,85.0,500.0,22.31,25.1,1.143,1.204,,85.97
,Cs 0.05 FA 0.85 MA 0.1 PbI 2.9 Br 0.1,Spiro-OMeTAD,Ag,,,,Triphenylamine (TPA),30.0,25.0,488.0,22.31,25.1,1.143,1.204,97.53,46.56
,Cs 0.05 FA 0.85 MA 0.1 PbI 2.9 Br 0.1,Spiro-OMeTAD,Ag,,,,Triphenylamine (TPA),,25.0,490.0,22.31,25.1,1.143,1.204,96.5,77.05
,,,,,,,7-amino-4-(trifluoromethyl)-2-benzopyrone (ATB),,,5000.0,19.79,19.47,1.13,1.14,89.1,65.3
,,,,,,,7-amino-4-(trifluoromethyl)-2-benzopyrone (ATB),40.0,20.0,2100.0,19.79,19.47,1.13,1.14,82.8,68.4
,Cs0.05 FA0.95-x MAx Pb(I1-y By)3 with 5% MAPbCl3,C60,PTAA,,,,2-Aminoethanethiol hydrochloride (AET-HCl),23.0,25.0,200.0,19.31,30.52,1.19,1.25,,94.0
,,,,,,,4-(carboxycarbonyl)piperazinium iodide,,85.0,1200.0,22.94,25.74,1.103,1.166,88.0,95.0
,Cs 0.05 (FA 0.98 MA 0.02) 0.95 Pb(I 0.98 Br 0.02) 3,NiO_x,Cu,,,,PEAI,,25.0,1000.0,17.5,18.4,1.02,1.04,,97.0
,FA 0.9 Cs 0.1 PbI 3,,,,,,2-(naphthalen-2-yl)ethylamine hydroiodide (NEAI),30.0,30.0,2000.0,20.75,24.19,1.04,1.16,87.0,71.66
,MAPbI3,TiO2,spiro-OMeTAD,,,,TMSI,35.0,22.0,50.0,18.91,21.03,1.065,1.127,92.7,11.03
,,SnO2,,,,,Histidine (HIS),70.0,70.0,1000.0,21.84,23.11,1.087,1.11,94.0,79.0
,,SnO2,spiro-OMeTAD,,,,BMIMPF6,,25.0,3500.0,19.52,21.74,1.177,1.194,77.5,61.6
,CsPbI2Br,SnO2,Spiro-OMeTAD,,,,Choline chloride (ChCl),0.1,25.0,500.0,13.66,17.06,1.199,1.315,,92.0
,CsPbI2.75Br0.25,,,,,,2-(thiocyanomethylthio)benzothiazole (TCMTB),,85.0,500.0,16.06,17.88,1.13,1.19,66.0,32.0
,CsPbI2.75Br0.25,,,,,,2-(thiocyanomethylthio)benzothiazole (TCMTB),,30.0,720.0,16.06,17.88,1.13,1.19,91.0,83.0
,CsPbI2.75Br0.25,,,,,,2-(thiocyanomethylthio)benzothiazole (TCMTB),,85.0,500.0,16.06,17.88,1.13,1.19,79.0,51.0
,Cs0.05FA0.85MA0.1PbI2.91Br0.09,ITO,Me-2PACz,,,,1-(4-Fluorophenyl) biguanide hydrochloride (F-BHCl),0.2,25.0,1000.0,22.41,25.14,1.136,1.18,,94.2
,Cs0.05FA0.85MA0.1PbI2.91Br0.09,ITO,Me-2PACz,,,,1-(4-Fluorophenyl) biguanide hydrochloride (F-BHCl),0.2,85.0,1000.0,22.41,25.14,1.136,1.18,74.43,58.2
,Cs0.05FA0.85MA0.1PbI2.91Br0.09,ITO,Me-2PACz,,,,1-(4-Fluorophenyl) biguanide hydrochloride (F-BHCl),0.2,,1000.0,22.41,25.14,1.136,1.18,92.9,60.3
,Cs0.05 MA0.1 FA0.85 PbI2.9Br0.1 Á0.05PbI2,spiro-MeOTAD,Au,,,,1-phenylguanidine (PGua),0.2,25.0,1150.0,20.98,24.62,1.078,1.181,1.0,95.0
,Cs0.05 MA0.1 FA0.85 PbI2.9Br0.1 Á0.05PbI2,spiro-MeOTAD,Au,,,,1-phenylguanidine (PGua),0.2,85.0,1200.0,20.98,24.62,1.078,1.181,92.0,50.0
,,SnO2,,,,,3-Hydroxytyramine hydrochloride,40.0,25.0,1400.0,20.3,22.63,1.038,1.068,,80.0
,,SnO2,,,,,3-Hydroxytyramine hydrochloride,,85.0,700.0,20.3,22.63,1.038,1.068,82.0,30.0
,FAPbI3 0.992 (MAPbBr3 0.08),SnO2,Spiro-OMeTAD,PIN,,Operational stability,Allicin,0.2,,1000.0,22.87,25.07,1.11,1.16,,
,FAPbI3 (0.95) and MAPbBr3 (0.05),SnO2,spiro-OMeTAD,,,,4-methoxyphenethylamine (MPA),52.0,25.0,50.0,19.77,22.61,1.11,1.14,90.0,85.0
,,,,,,,methylammonium pyridine-2-carboxylic (MAPyA),60.0,50.0,1500.0,21.26,24.06,1.11,1.21,93.0,30.0
,,,,,,,methylammonium pyridine-2-carboxylic (MAPyA),,25.0,1480.0,21.26,24.06,1.11,1.21,87.0,5.0
,FA 0.8 Cs 0.2 Pb(I 0.6 Br 0.4)3,SnO2,NiO,,,,Ethylenediamine (EDA),20.0,20.0,1340.0,14.4,18.9,1.13,1.25,97.0,70.4
,,,,,,,Guanidinium acetate (GAAc),,25.0,2073.0,22.05,25.22,1.09,1.2,93.0,
,,,,,,,1-allyl-3-methylimidazolium dicyanamide (AMI),0.2,25.0,1300.0,18.42,20.44,1.284,1.339,85.0,85.0
,,,,,,,1-allyl-3-methylimidazolium dicyanamide (AMI),0.2,85.0,,18.42,20.44,1.284,1.339,55.0,35.0
,,,,,,,6-Mercaptopurine,,1000.0,,6.12,10.7,0.79,0.91,70.0,65.0
,CsFAPbI3,spiro-MeOTAD,Au,,,,MABr,72.0,25.0,60.0,50.32,92.89,0.977,0.914,92.89,50.32
,"Sb2(S,Se)3",CdS,Spiro-OMeTAD,,,,LiF,30.0,60.0,1000.0,10.5,10.76,672.0,673.0,75.0,70.0
,FA 0.5 MA 0.5 Sn 0.5 Pb 0.5 I 3,,PEDOT: PSS,,,,Histidine (HIS),20.0,25.0,450.0,18.93,21.46,0.803,0.855,90.0,80.0
,FA 0.5 MA 0.5 Sn 0.5 Pb 0.5 I 3,,PEDOT: PSS,,,,Histidine (HIS),20.0,25.0,1030.0,18.93,21.46,0.803,0.855,,
,AgBiS2,PCBM,BCP,,,,Sodium (Na),,,240.0,3.51,4.64,0.344,0.391,,
,Cs 0.05 MA 0.05 FA 0.90 Pb(I1-xClx)3,Spiro-OMeTAD,PCBM,,,,[Bcmim]Cl,,25.0,1000.0,20.11,22.97,1.17,1.17,94.66,84.53
,WB-Sn-HP,ITO,PEDOT:PSS,,,,4-Fluoro-benzohydrazide (F-BHZ),,25.0,,7.96,11.14,0.914,1.024,50.18,31.22
,WB-Sn-HP,ITO,PEDOT:PSS,,,,4-Fluoro-benzohydrazide (F-BHZ),,25.0,,7.96,11.14,0.914,1.024,50.18,
,,,,,,,4-methanesulfonyl-benzamidine hydrochloride (MSBH),,50.0,520.0,23.77,25.32,1.17,1.19,,90.0
,,,,,,,4-methanesulfonyl-benzamidine hydrochloride (MSBH),,60.0,740.0,23.77,25.32,1.17,1.19,,80.0
,,,,,,,4-methanesulfonyl-benzamidine hydrochloride (MSBH),,50.0,1000.0,23.77,25.32,1.17,1.19,,92.0
,SnI2,TiO2,PEDOT:PSS,,,,PEABr,0.2,25.0,350.0,14.01,14.81,0.59,0.84,96.0,80.0
,,,,,,,PbI2,,,,13.81,21.78,984.7,1126.4,,
,,,,,,,Tetra-n-butylammonium hexafluorophosphate (TBAPF6),30.0,30.0,168.0,16.55,17.47,1.03,1.06,70.0,30.0
,,,,,,,Tetra-n-butylammonium hexafluorophosphate (TBAPF6),0.0,0.0,1600.0,16.55,17.47,1.03,1.06,91.0,33.0
,FA0.8Cs0.2PbI1.6Br1.4,NiOx,2PACz,,,,4-(2-hydroxyethyl)piperazin-1-ium iodide (PZOI),,500.0,,16.32,24.05,1.25,2.11,90.0,90.0
,CsPbI2Br,,,,,,4-trifluoromethyl phenylmethylammonium iodide (CFPMAI),,25.0,984.0,10.92,14.43,0.95,1.12,98.1,91.2
,FA 0.5 MA 0.5 Pb 0.5 Sn 0.5 I 0.47 Br 0.03,PEDOT: PSS,PCBM,,,,SnC2O4,0.2,25.0,,19.34,21.43,0.81,0.86,78.0,68.0
,FA 0.5 MA 0.5 Pb 0.5 Sn 0.5 I 0.47 Br 0.03,PEDOT: PSS,PCBM,,,,SnC2O4,,,0.5,19.34,21.43,0.81,0.86,,
,Cs 0.2 FA 0.8 Pb(I 0.6 Br 0.4) 3,NiO,Me-4PACz,,,,TEACl,,25.0,0.08333333333333333,17.39,19.28,1.22,1.26,,19.2
,,,,,,,4(5)-iodoimidazole (4II),35.0,35.0,840.0,17.22,20.95,1.067,1.091,90.0,67.0
,FAPbI3,SnO2/FTO,Spiro-OMeTAD,,,,1-hexyl-3-methylimidazolium iodide (HMII),30.0,25.0,300.0,17.68,20.54,1.025,1.061,,83.9
,FAPbI3,SnO2/FTO,Spiro-OMeTAD,,,,1-hexyl-3-methylimidazolium iodide (HMII),30.0,25.0,300.0,17.68,20.54,1.025,1.061,90.1,75.9
,FASnI3,,,,,,SnF2,,160.0,10.0,1.39,7.47,0.52,0.641,100.0,100.0
,FA0.85MA0.1Cs0.05PbI3,C60,SnO2,,,,Nitrilotriacetic acid (NTA),,25.0,1000.0,23.45,25.82,1.098,1.174,94.0,55.0
,FAPbI3,TiO2,spiro-OMeTAD,,,,4-amidinobenzamide hydrochloride (ABAm),72.0,25.0,1200.0,22.77,24.6,1.138,1.135,93.0,17.0
,,,,,,,IBr,,25.0,400.0,22.9,24.82,1.137,1.171,89.0,78.0
,,,,,,,5-fluoropyridinic acid (FPA),,,3000.0,22.97,25.37,1.12,1.14,93.17,90.0
,,,,,,,formamidinium bromide (FABr),25.0,25.0,40.0,15.3,19.5,1.04,1.1,80.0,
,,,,,,,formamidinium bromide (FABr),,85.0,360.0,15.3,19.5,1.04,1.1,,
,,,,,,,1-butyl-3-methylimidazolium thiocyanate (BmimSCN),50.0,25.0,600.0,12.9,15.2,1.18,1.26,90.0,20.0
,Cs0.05(FA0.83MA0.17)0.95Pb(I0.84Br0.16)3,SnO2,CH3O-PEAI,,,,NH4I,0.1,25.0,600.0,23.2,24.4,1.16,1.18,73.0,90.0
,,,,,,,6-thioguanine (TG),85.0,85.0,700.0,20.27,22.55,1.153,1.215,81.0,30.0
,,,,,,,6-thioguanine (TG),,85.0,660.0,20.27,22.55,1.153,1.215,85.0,17.0
,,,,,,,Bromobenzoic acid (BAC),,25.0,1600.0,22.7,24.02,1.12,1.14,88.0,42.0
,,,,,,,Bromobenzoic acid (BAC),,25.0,1000.0,22.7,24.02,1.12,1.14,76.0,37.0
,DA2PbCl4,SnO2,spiro-OMeTAD,,,,dodecylammonium chloride (DACl),10.0,25.0,1000.0,22.66,23.91,1.132,1.174,95.0,
,,,,,,,Ethylammonium TFSI (EA-TFSI),50.0,30.0,,21.3,22.6,1.06,1.11,,
,,SnO2,,,,,SnCl4,25.0,25.0,1000.0,24.63,25.56,1.17,1.187,,95.84
,,SnO2,,,,,SnCl4,25.0,65.0,1000.0,24.63,25.56,1.17,1.187,83.5,60.0
,,SnO2,,,,,SnCl4,,,,24.63,25.56,1.17,1.187,25.32,17.2
,,,,,,,Cesium formate (HCOOCs),50.0,23.0,300.0,21.45,22.06,1.145,1.152,80.0,80.0
,,,,,,,Cesium formate (HCOOCs),30.0,70.0,1000.0,21.45,22.06,1.145,1.152,70.0,70.0
,,,,,,,Cesium formate (HCOOCs),85.0,23.0,142.0,21.45,22.06,1.145,1.152,60.0,60.0
,,,,,,,Cesium formate (HCOOCs),25.0,24.0,16.0,21.45,22.06,1.145,1.152,80.0,80.0
,FAPbI3,SnO2/FTO,spiro-OMeTAD,,,,MACl,,60.0,24.0,24.2,25.2,1.16,1.18,,
,,SnO2 QDs,PCBM,,,,C6H5K3O7,0.1,20.0,2400.0,20.03,24.12,1.116,1.176,90.3,48.9
,FAPbI3,SpiroOMeTAD,Au,,,,phenylethyl ammonium iodide,,,,14.91,15.87,0.91,1.02,,
,FAPbI3,SpiroOMeTAD,Au,,,,phenylethyl ammonium iodide,,,,14.91,15.87,0.91,1.02,,
,FAPbI3,SpiroOMeTAD,Au,,,,phenylethyl ammonium iodide,,,,14.91,15.87,0.91,1.02,,
,FAPbI3,SnO2,Spiro-OMeTAD,,,,n-butylamine acetate (BAAc),,35.0,3500.0,20.53,24.76,1.08,1.19,87.5,57.6
,FAPbI3,SnO2,Spiro-OMeTAD,,,,n-butylamine acetate (BAAc),0.2,25.0,400.0,20.53,24.76,1.08,1.19,80.0,40.0
,MAPbI3,PC61BM,PTAA,,,,Benzylamine thiocyanate (BnASCN),,20.0,480.0,17.12,19.48,1.064,1.091,99.0,92.0
,FA 0.6 MA 0.4 PbI3,mesoporous carbon,mesoporous TiO2,,,,Niacin,40.0,25.0,60.0,13.3,17.3,0.9,0.98,92.8,77.9
,CsPbI2Br,SnO2/ZnO,P3HT,,,,2-Amino-5-nitrothiazole,,85.0,720.0,15.21,17.13,1216.0,1278.0,90.0,25.0
,,SnO2,,,,,H2SO4,,20.0,1000.0,22.48,24.29,1.2,1.23,95.29,26.51
,CsPbIBr2,SnO2/ITO,Spiro-OMeTAD,,,,CO,10.0,50.0,500.0,9.37,11.0,1.34,1.34,91.72,66.02
,,,,,,,Choline acetate (CA),40.0,40.0,288.0,22.3,24.03,1.08,1.14,10.0,30.0
,,,,,,,Choline acetate (CA),,60.0,400.0,22.3,24.03,1.08,1.14,20.0,10.0
,MAPbI3,TiO2 nanorod array and nanoparticles (RP-TiO2),Carbon,,,,γ-butyrolactone,35.0,25.0,1500.0,14.32,16.07,0.915,0.948,,93.0
,,SnO2,,,,,Sodium gluconate (SG),,,1000.0,23.7,25.34,1.171,1.194,90.0,80.0
,CsPbI3,P3CT,SpiroOMeTAD,,,,Hexanediamine (HDA),35.0,35.0,1000.0,12.69,18.21,1.01,1.1,80.0,50.0
,FAPbI3,SnO2,spiro-OMeTAD,,,,dodecylammonium formate (DOFo),0.2,85.0,1000.0,20.76,25.0,1.09,1.2,81.0,92.0
,,,,,,,Fmoc-Ala-OH,38.0,25.0,10.0,16.18,21.14,1.08,1.08,80.0,72.0
,MAPbI3,TiO2,Iron pyrite (FeS2 NCs),,,,Iron pyrite (FeS2 NCs),,25.0,7.0,8.03,8.85,991.6,972.6,85.0,65.0
,,,,,,,urea,,,2184.0,10.42,14.22,0.8200000000000001,0.89,90.0,88.7
,FA 1-x MA x PbI 3-y Br y,spiroOMeTAD,,,,,1-ethylpyridine hydrobromide (EPB),37.5,,,18.85,20.71,1.039,1.092,94.5,81.1
,FA 1-x MA x PbI 3-y Br y,spiroOMeTAD,,,,,1-ethylpyridine hydrobromide (EPB),37.5,,,18.85,20.71,1.039,1.092,,91.9
,,TiO2,,,,,l-Aspartate acid potassium (AAP),,,,10.4,12.11,1.06,1.14,,
,,TiO2,,,,,l-Aspartate acid potassium (AAP),,,,10.4,12.11,1.06,1.14,,
,,TiO2,,,,,l-Aspartate acid potassium (AAP),,,,10.4,12.11,1.06,1.14,,
,CsSnBr3,TiO2,spiro-MeOTAD,,,,SnF2,,2.5,0.5,2.1,4.8,0.41,0.4,100.0,100.0
,CsPbBr3,SnO2,NiOx,,,,NiOx,,,,8.15,10.07,1.37,1.49,100.0,85.0
,,,,,,,3-ethoxy-4-hydroxybenzadehyde (EVL),30.0,25.0,1440.0,21.9,24.1,1.139,1.182,92.0,78.0
,,,,,,,3-ethoxy-4-hydroxybenzadehyde (EVL),,85.0,144.0,21.9,24.1,1.139,1.182,90.0,82.0
,,,,,,,3-ethoxy-4-hydroxybenzadehyde (EVL),30.0,25.0,140.0,21.9,24.1,1.139,1.182,80.0,66.0
,FAPbI3 0.85 (MAPbBr3 0.15),SnO2,Spiro-OMeTAD,,,,NH4PF6,35.0,,1080.0,18.46,21.11,1.03,1.11,,80.0
,FAPbI3,TiO2,spiro-OMeTAD,n-i-p,,ISOS-L,Magnesium benzoate,,30.0,30.0,19.94,22.24,1.01,1.07,,
,FA0.7 MA0.3 Pb0.5 Sn0.5 I3,,,,,,FACl,,25.0,1000.0,16.67,19.3,0.8,0.8200000000000001,100.0,100.0
,,,,,,,trimethylsulfoxonium iodide (TMSI),20.0,25.0,120.0,22.63,24.03,1.11,1.17,,95.5
,,,,,,,trimethylsulfoxonium iodide (TMSI),,65.0,600.0,22.63,24.03,1.11,1.17,85.6,35.5
,,,,,,,Oxalic acid (H2C2O4),,30.0,30.0,19.85,21.05,1.084,1.101,84.6,91.2
,FAPbI3,SnO2,Spiro-OMeTAD,,,,CS2,0.2,85.0,2000.0,22.55,25.2,1.13,1.17,94.0,88.0
,FAPbI3,SnO2,Spiro-OMeTAD,,,,CS2,30.0,,2000.0,22.55,25.2,1.13,1.17,92.0,87.0
,FAPbI3,SnO2,Spiro-OMeTAD,,,,Naphthylmethylammonium Iodide (NMAI),,25.0,432.0,19.56,22.97,1.01,1.11,73.0,53.0
,FA1-xMAxPbI3,spiro-OMeTAD,,,,,Octylammonium Bromide,55.0,50.0,500.0,20.26,21.4,1.08,1.1,90.0,30.0
,,,,,,,Na2SeSO3,,,1000.0,9.33,10.81,0.615,0.633,100.0,100.0
,FA0.7MA0.3Pb0.5Sn0.5I3,ITO,PEDOT:PSS,,,,Ferrocene,,,,17.43,21.02,0.79,0.8300000000000001,,
,CsSnCl3/CsSnI3,TiO2,Spiro-OMeTAD,,,,CsSnCl3/CsSnI3,,,,12.96,9.66,0.86,0.87,,
,FA 0.85 Cs 0.15 PbI 2.855,PTAA,PCBM,,,,(S)-3-Amino-4-phenylbutyric acid hydrochloride (ApaCl),,25.0,1500.0,21.53,24.27,1.08,1.17,90.0,97.12
,FA 0.85 Cs 0.15 PbI 2.855,PTAA,PCBM,,,,(S)-3-Amino-4-phenylbutyric acid hydrochloride (ApaCl),,85.0,500.0,21.53,24.27,1.08,1.17,90.0,75.0
,FA 0.85 Cs 0.15 PbI 2.855,PTAA,PCBM,,,,(S)-3-Amino-4-phenylbutyric acid hydrochloride (ApaCl),40.0,25.0,500.0,21.53,24.27,1.08,1.17,90.0,90.0
,,,,,,,trifluoroacetamidine (TFA),0.1,25.0,2500.0,20.28,22.6,0.848,0.892,80.0,40.0
,FA0.82MA0.13Cs0.05Pb(I0.87Br0.13)3,PCBM,NiOx,,,,PEAI,,55.0,1200.0,23.2,23.68,1.168,1.216,96.0,86.0
,FA0.82MA0.13Cs0.05Pb(I0.87Br0.13)3,PCBM,NiOx,,,,PEAI,,85.0,500.0,23.2,23.68,1.168,1.216,80.0,
,CsPbIBr2,doped ZnO/SnO2,NiO,,,,rubidium acetate,25.0,25.0,800.0,12.57,12.11,1.42,1.53,92.0,68.0
,,SnO2,,,,,potassium 4-methoxysalicylate (MSAK),,60.0,1440.0,22.94,25.47,1.123,1.186,90.0,69.7
,,,,,,,Cytidine 5'-monophosphate (CMP-OH),,85.0,500.0,16.22,18.13,0.877,0.889,,72.0
,,,,,,,Cytidine 5'-monophosphate (CMP-OH),,25.0,2000.0,16.22,18.13,0.877,0.889,90.1,
,CsPbIBr2,,,,,,n-Hexylamine (C6H15N),5.0,25.0,70.0,8.33,10.67,1.24,1.32,,81.8
,CsPbIBr2,,,,,,n-Hexylamine (C6H15N),20.0,85.0,25.0,8.33,10.67,1.24,1.32,75.0,54.9
,CsPbIBr2,,,,,,n-Hexylamine (C6H15N),,,100.0,8.33,10.67,1.24,1.32,79.2,42.5
,FAPbI3,MeO-4PACz,PCBM,,,,Guanidinium Iodide (GAI),,26.0,2160.0,19.87,25.38,1.18,1.18,93.09,93.09
,,,,,,,4-trifluoromethyl-2-pyridinecarboxylic acid (TPCA),50.0,25.0,720.0,11.45,13.64,1.022,1.074,77.0,39.0
,FA 0.83 Cs 0.17 PbI3,SnO2,,,,,Oleylammonium iodide (OLAI),,25.0,1000.0,16.92,19.41,1.02,1.07,96.0,96.0
,MAPbI3,PTAA,PCBM,,,,4-Biphenylcarboxylic acid (4-BBC),55.0,25.0,,18.71,20.32,1.06,1.1,75.0,51.0
,MAPbI3,PTAA,PCBM,,,,4-Biphenylcarboxylic acid (4-BBC),0.0,25.0,1440.0,18.71,20.32,1.06,1.1,94.0,72.0
,Cs0.05(FA0.77MA0.23)0.95Pb(I0.77Br0.23)3,Me-4PACz:6dPA,BCP,,,,phenethylammonium (PEA +),45.0,22.0,4210.0,18.61,20.61,1.2,1.26,80.0,80.0
,Sn─Pb,,,,,,SnF2,,20.0,1000.0,20.53,22.0,0.847,0.88,86.0,83.0
,Cs0.05(MA0.05FA0.95)0.95Pb(I0.95Br0.05)3,NiOx,PCBM,,,,NCS,0.2,80.0,1700.0,22.08,25.05,1.124,1.14,,
,CsPbI2Br,ZnO/C60,NiOx,,,,4-(chlorosulfonyl)benzoic acid (CSBA),,,5.0,7.58,11.53,0.8300000000000001,1.08,12.17,9.88
,FAPbI3,SnO2,Spiro-OMeTAD,,,,CdI2,,35.0,30.0,20.8,22.7,1.05,1.1,100.0,100.0
,MAPbI3 and Cs0.06MA0.15FA0.79PbI2.5Br0.5,SnO2,spiro-OMeTAD,,,,NaSCN,40.0,40.0,360.0,18.1,19.4,1.084,1.071,100.0,100.0
,,,,,,,prolinamide,0.1,85.0,288.0,22.67,24.61,1.128,1.169,60.4,44.4
,,,,,,,prolinamide,72.0,25.0,600.0,22.67,24.61,1.128,1.169,74.0,49.7
,,,,,,,prolinamide,,25.0,1550.0,22.67,24.61,1.128,1.169,90.0,10.0
,Cs0.17 FA0.83 Pb(I0.6 Br0.4)3,SnO2,,,,,BA2 PbBr4,,1000.0,1200.0,19.24,43.7,1.3,1.11,83.0,61.0
,CsPbI3,TiO2,spiro-OMeTAD,,,,n-octylammonium iodide (n-OAI),,25.0,1500.0,18.6,19.8,1.18,1.23,,
,MAPbI3,PCBM,NiOx,,,,PbS,,400.0,,15.26,18.74,1.002,1.025,,
,"Cu2ZnSn(S,Se)4 (C:SSe)",,,,,,Vanadium (V),,,,8.28,11.11,0.454,0.458,,
