first_num,perovskite_composition,electron_transport_layer,hole_transport_layer,structure_pin_nip,test,stability_type,passivating_molecule,humidity,temperature,time,control_pce,treated_pce,control_voc,treated_voc,efficiency_control,efficiency_tret,efficiency_cont
0,Cs0.05FA0.85MA0.1PbI3,C60,2PACz and Me-4PACz,PIN,test_1,ISOSL,4-chlorobenzenesulfonate (4Cl-BZS),,65,1200,24,26.9,,1.18,,95,
1,,TinOxide,PTAA,PIN,test_1,ISOST,phenethylammonium,,85,500,,19.1,,1.16,,,
2,(BA)2PbI 4,tin dioxide,Spiro-OMeTAD,NIP,test_1,ISOSL,,85,25,1620,22.39,24.35,,1.185,,98,58.6
2,(BA)2PbI 4,tin dioxide,Spiro-OMeTAD,NIP,test_1_2,ISOSD,,85,85,1056,,21.34,,,,94,
2,(BA)2PbI 4,tin dioxide,Spiro-OMeTAD,NIP,test_2,ISOSLT,,,25,1620,,24.06,,,,98,
3,Cs0.05(MA0.10FA0.85)Pb(I0.90Br0.10)3,tin dioxide,Spiro-OMeTAD,NIP,test_1,ISOSL1,,,,2000,,24.5,,1.20,,99,25
5,BA2PbI 4,C60,Spiro-OMeTAD,NIP,test_1,,iso-butylamine iodide,,,,,22.1,,1.135,,,
6,MAPbI 3,Titanium dioxide,Spiro-OMeTAD,,test_1,ISOSD,phenylethylammonium iodide,,,1344,,18.89,,1.16,,97,
7,CsPbBr 3,C60,,NIP,test_1,,(ethylenedioxy)bis(ethylammonium),65,,1000,,,,,,90,
8,,Tin Oxide,Spiro-OMeTAD,NIP,test_1,ISOSLT,ethylammonium pyrene,,40,2000,19.3,22.4,,1.177,,0.85,0.6
9,MAPbI3,PCBM,,,test_1,,EDBE,,,,14.64,17.6,,,,,
10,(FAPbI3)0.95(MAPbBr3)0.05,TinOxide,Spiro-OMeTAD,NIP,test_1,,OATsO,,,800,,24.41,,,,100,
10,(FAPbI3)0.95(MAPbBr3)0.05,TinOxide,Spiro-OMeTAD,NIP,test_1_2,ISOSL,OABF4,,40,500,,,,,,91.5,
11,,Tin Oxide,Spiro-OMeTAD,NIP,test_1,ISOSL,benzotriazole,,room temperature,24,20.2,21.8,1.11,1.16,,104,98
12,Cs0.15FA0.85PbI2.19Br0.81,,Spiro-OMeTAD,NIP,test_1,ISOSL,butylammonium bromide,,,20,,19.8,17.5,1.31,,,
13,Cs0.12FA0.8MA0.08PbI1.8Br1,PCBM,,PIN,test_1,,2-thiopheneethylammonium chloride,,,9,,23.8,,1.29,,,80
13,Cs0.12FA0.8MA0.08PbI1.8Br1,PCBM,,PIN,test_1_2,ISOST,,,60,265,,23.8,,1.29,,92,82
14,Cs0.05(FA5/6MA1/6)0.95Pb(I0.85Br0.15 )3,PCBM,PTAA,PIN,test_1,ISOSL,chlorophenylethylammonium iodide,,,33,21.58,23.7,1.109,1.184,,100,90
15,Cs0.05(FA5/6MA1/6)0.95Pb(I0.9Br0.1)3,PCBM,PTAA,PIN,test_1,,fluorophenylethylammonium iodide,,,,21.78,23.79,1.11,1.17,,,
16,FAPbI3,TinOxide,Spiro-OMeTAD,NIP,test_1,,CF3-phenethylammonium,,,,18.87,21.05,1.04,1.11,,,
17,Cs0.05FA0.81MA0.14PbI2.55Br0.45,tin dioxide,PTAA,NIP,test_1,ISOSL,,,,48,20.04,20.94,1.16,1.19,,86,
18,,Tin Oxide,Spiro-OMeTAD,NIP,test_1,,2-thiophenemethylammonium iodide,,,,,,,,,,
19,Cs 0.05 MA 0.05 FA 0.9 Pb(I 0.95 Br 0.05 ) 3,C60,2PACz,,test_1,ISOSLT,"3,4,5-trifluoroanilinium",50,85,1560,21,24.09,1.269,1.271,,,
19,Cs 0.05 MA 0.05 FA 0.9 Pb(I 0.95 Br 0.05 ) 3,C60,2PACz,,test_2,ISOSL,,50,85,1586,,21.5,,,,84,
20,MAPbI 3,,,,test_1,,phenylethylammonium lead iodide,,,,,,,,,,
21,(FAPbI3)0.92(MAPbBr3)0.08,,,,test_1,,,,,,22.3,21.3,1.16,1.14,,,
22,FAPbI 3,,,NIP,test_1,,cyclohexylmethylammonium iodide,,,,21.40,23.94,1.092,1.149,,95,
22,FAPbI 3,,,NIP,test_1_2,ISOSL,,20-30,,2400,,,,,,91,85
22,FAPbI 3,,,NIP,test_2,ISOSLT,,,room temperature,1050,,,,,,95,76
22,FAPbI 3,,,NIP,test_3_2,ISOSD2,,40+-10,50,500,,,,,,73,40
22,FAPbI 3,,,NIP,test_3,,,,,,,,,,,93,
23,Cs0.05MA0.1FA0.85PbI3,,,NIP,test_1,ISOSL1,phenethylammonium iodide,50,room temperature,1000,,23.91,,1.15,,100,
23,Cs0.05MA0.1FA0.85PbI3,,,NIP,test_2,ISOSL3,,,65,500,,,,,,92,
24,CsPbI 3,Titanium dioxide,copper(I) thiocyanate,,test_1,ISOSD,,,110,2100,14.9,17.4,,,,80,
27,,,,NIP,test_1,ISOSLT,trifluoromethylphenylethylammonium,,,2000,,18.5,,1.23,,100,
30,FACsPbI 3,tin dioxide,Spiro-OMeTAD,NIP,test_1,ISOSLT,,,,500,10.92,23.21,,1.16,,80,
31,Rb0.05Cs0.05MA0.05FA0.85Pb(I0.95Br0.05)3,C60,MeO-2PACZ,PIN,test_1,ISOSLT,3-(aminomethyl)pyridine,,55,2428,23.39,25.49,,1.19,,87,76
31,Rb0.05Cs0.05MA0.05FA0.85Pb(I0.95Br0.05)3,C60,MeO-2PACZ,PIN,test_2,ISOSL2,,,65,1315,,,,,,90,
31,Rb0.05Cs0.05MA0.05FA0.85Pb(I0.95Br0.05)3,C60,MeO-2PACZ,PIN,test_3,ISOSD3,,85,85,850,,,,,,94,
36,FA0.8MA0.2PbI 3,C60,poly(triarylamine),PIN,test_1,,tri-octyl phosphine oxide,,,,,22.46,1.079,1.098,,,
37,,,,,test_1,,"1,3-propylene diammonium",,,700,,19.0,,1.35,,100,
37,,,,,test_2,,,,,500,,26.3,,2.19,,86,
39,(FAPbI 3 ) 0.87(MAPbBr3)0.13]0.92(CsPbI3)0.08,Titanium dioxide,Spiro-OMeTAD,,test_1,ISOSLT,2-thiophenemethylammonium bromide,,,1000,20.7,20.82,1.09,1.175,,75,65
40,,,PTAA,,test_1,ISOSD,oleylammonium iodide,85,85,1000,,24.3,,,,95,
41,,SnO2,Spiro-OMeTAD,NIP,test_1,ISOSL,ortho-(phenylene)di(ethylammonium) iodide,40-50,85,1008,20.82,23.9,1.135,1.157,,85,58
41,,SnO2,Spiro-OMeTAD,NIP,test_2,ISOST,ortho-(phenylene)di(ethylammonium) iodide,,85,1000,20.32,22.38,,,,75,51
41,,SnO2,Spiro-OMeTAD,NIP,test_3,ISOSLT,ortho-(phenylene)di(ethylammonium) iodide,,,1100,,,,,,90,60
42,Cs0.05MA0.1FA0.85PbI2.7Br0.3,,,,test_1,ISOSL,azetidinium lead iodide,,52,1000,,22.4,1.07,1.14,,85,47
43,FAPbI 3,,Spiro-OMeTAD,,test_1,ISOSD,,80+-20,,500,23.07,24.50,1.121,1.150,,47.96,9.65
44,,Silicon Oxide,,PIN,test_1,,,,,,,21.12,,,,,
46,CsPbI0.05[(FAPbI3)0.89(MAPbBr3)0.11]0.95,,,PIN,test_1,ISOSLT,Lithium Fluoride,25,25,100,,19.6,,1.16,,0.6,
47,MAPbI3,,PTAA,,test_1,ISOSLT,,60+-10,65,1200,18.2,24.2,,,,96.8,
48,,,PTAA,PIN,test_1,,PS Plastic Foam 1%,,,,16.9,20.3,1.07,1.10,,,
49,,indium tin oxide,spiro-OMeTAD/chlorobenzene,,test_1,ISOSL,n-butylamine iodide,65+-10,,4680,,16.25,,1.31,,93.8,50.6
49,,indium tin oxide,spiro-OMeTAD/chlorobenzene,,test_2,ISOST,,,85,558,,,,,,95.7,59.1
49,,indium tin oxide,spiro-OMeTAD/chlorobenzene,,test_3,ISOSL,,,,1100,,,,,,96.2,70.8
50,(MA0.14FA0.81Cs0.05)9-Pb10(I0.85Br0.15),,Spiro-OMeTAD,,test_1,,butylammonium,,,650,,21,,,,90,
53,FA0.85MA0.1Cs0.05PbI2.9Br0.1,TinOxide,Spiro-OMeTAD,NIP,test_1,,DMePDAI 2,85,,740,20.9,24.0,,,,53,
53,FA0.85MA0.1Cs0.05PbI2.9Br0.1,TinOxide,Spiro-OMeTAD,NIP,test_1_2,ISOSL1,,,40,1000,22.0,24.7,,,,90,57
53,FA0.85MA0.1Cs0.05PbI2.9Br0.1,TinOxide,Spiro-OMeTAD,NIP,test_2_2,ISOSD,,85,,740,,,,,,73,27
53,FA0.85MA0.1Cs0.05PbI2.9Br0.1,TinOxide,Spiro-OMeTAD,NIP,test_2,,,,,,,,,,,35,
53,FA0.85MA0.1Cs0.05PbI2.9Br0.1,TinOxide,Spiro-OMeTAD,NIP,test_3_2,ISOST,,5,85,1008,,,,,,81,29
54,MAPbBr 3,,,NIP,test_1,,,,,,,3.2,,,,,
55,MAPbI3,,,,test_1,,methylammonium,,,,,,,,,,
57,Cs 0.05 (FA0.83MA0.17)0.95Pb(I0.83Br0.17)3,C60,poly(triarylamine),PIN,test_1,ISOSLT,,,27,350,,21,,1.098,,95,
58,FA0.83Cs0.17Pb(I0.83Br0.17)3,C60,Spiro-OMeTAD,,test_1,,,,,,,18.5,,,,,
59,MAPbI3,,,NIP,test_1,,phenethylammonium iodide,,,,17.5,19.07,1.16,1.25,,,
60,(FAPbI3)0.95(MAPbBr3)0.05,TinOxide,Spiro-OMeTAD,NIP,test_1,,"NOTE:This is how to prepare the PSC,relevent...?",,,,,21.7,,,,,
61,MAPbI 3,,,NIP,test_1,ISOST,,30,85,125,,,,,,60,
61,MAPbI 3,,,NIP,test_2,,,40,room temperature,600,,,,,,92,
62,MAPbI 3,,,NIP,test_1,ISOSL,butylammonium iodide,55,80,720,,17.3,,,,83,44
62,MAPbI 3,,,NIP,test_2,ISOST,,,80,720,,,,,,74,27
63,MAPbIâ‚ƒ,,Spiro-OMeTAD,,test_1,,,,100,,,11.66,,,,,
64,,bathocuproine,TaTm,PIN,test_1,,,,,,18.6,17.0,,,,,
65,MAPbI3,,Spiro-OMeTAD,,test_1,,,,,,,4.73,,1.18,,,
66,Cs0.15FA0.85PbI2.55Br0.45,,,,test_1,ISOSD1,,30+-3,21+-2,1566,,,,,,95,93
66,Cs0.15FA0.85PbI2.55Br0.45,,,,test_2,ISOSD3,,85,85,48,,,,,,,32
66,Cs0.15FA0.85PbI2.55Br0.45,,,,test_3,ISOSO3,,60-100,,4380,,,,,,99,49
67,FA0.83Cs0.17PbI2.7Br0.3,TinOxide,polybisphenyl(trimethylphenyl)amine,PIN,test_1,ISOSLT,,,,250,,,,,,96,
67,FA0.83Cs0.17PbI2.7Br0.3,TinOxide,polybisphenyl(trimethylphenyl)amine,PIN,test_2_2,ISOSL2,,,85,800,,21.3,,,,95,
67,FA0.83Cs0.17PbI2.7Br0.3,TinOxide,polybisphenyl(trimethylphenyl)amine,PIN,test_2,,,,,20,,21.1,,,,90,
67,FA0.83Cs0.17PbI2.7Br0.3,TinOxide,polybisphenyl(trimethylphenyl)amine,PIN,test_3,ISOSD1,,,,500,,7,,,,100,
68,MAPbI 3,TinOxide,PEDOT:PSS,NIP,test_1,ISOSLT,PCBM,50,23,4300,,12.8,,,,100,0
68,MAPbI 3,TinOxide,PEDOT:PSS,NIP,test_2,ISOSLT,,,60,1032,,,,,,99,0
69,MAPbI 3,TinOxide,,PIN,test_1,ISOSL,PCBM,60,25,1000,,,,,,90,0
70,FA0.83MA0.17Pb-(I0.83Br0.17)3,TinOxide,Spiro-OMeTAD,NIP,test_1,ISOST,,,75,,,19.4,,,,,
70,FA0.83MA0.17Pb-(I0.83Br0.17)3,TinOxide,Spiro-OMeTAD,NIP,test_2,ISOST,,,20,15,,17.7,,,,,
71,MAPbI 3,,,,test_1,,butylammonium,,,,,,,,,,
72,Cs0.05FA0.8MA0.15PbI2.88Br0.04Cl0.08,ligand allylammonium,,NIP,test_1,ISOST,poly(methyl methacrylate),,room temperature,80,20,19.9,,,,99,50
73,FA0.98Cs0.02PbI3,,,PIN,test_1,ISOSD,CF3 -PEAI,85,85,1000,,25.1,1.024,1.091,,98.2,
73,FA0.98Cs0.02PbI3,,,PIN,test_1_2,ISOSLT,,50+-5,50+-5,1800,21.4,23.6,,,,82.1,67.2
73,FA0.98Cs0.02PbI3,,,PIN,test_2_2,ISOSD,,85,85,1000,,,,,,91.1,
73,FA0.98Cs0.02PbI3,,,PIN,test_2,,,,,,,24.8,,,,98.2,71.3
74,(FAPbI3)0.95(MAPbBr3)0.05,tin dioxide,Spiro-OMeTAD,NIP,test_1,ISOSLT,4-fluorophenylethylammonium iodide,,60,560,18.83,21.2,,1.13,,90,
74,(FAPbI3)0.95(MAPbBr3)0.05,tin dioxide,Spiro-OMeTAD,NIP,test_1_2,ISOSLT,,,60,5000,,,,,,90,
75,[(FAPbI 3 ) 0.8(MAPbBr3)0.13]0.92(CsPbI3)0.08,,,NIP,test_1,ISOSLT,2-thiopheneethylammonium iodide,,,1000,20.48,19.42,1.124,1.117,,90,65
77,FA0.9Cs0.1Pb3,,,PIN,test_1,ISOSLT,(phenethylamino)methaniminium iodide,,85,1500,21.2,24.1,,,,90,
78,FAPbI 3,,,NIP,test_1,,,,,,,19.2,,,,,
79,(FAPbI3)0.97(MAPbBr3)0.03,TitaniumDioxide,Spiro-OMeTAD,NIP,test_1,ISOSL,MAPbBr3,37,28,,18.5,19.9,,1.09,,,
80,,TitaniumDioxide,Spiro-OMeTAD,NIP,test_1,ISOSD,poly(methyl methacrylate),,,,,21.6,,1.14,,96.7,
81,Cs0.05FA0.81MA0.14PbI2.55Br0.45,TitaniumDioxide,Spiro-OMeTAD,,test_1,ISOSL,,,,500,15.8,20.9,1.06,1.14,,90,
81,Cs0.05FA0.81MA0.14PbI2.55Br0.45,TitaniumDioxide,Spiro-OMeTAD,,test_2,ISOSD,,,,1440,,,,,,95,38
82,MAPbI3,,,PIN,test_1,ISOSD,quanternary ammonium halides,55-85,room temperature,800,17.1,20.59,1.04,,,1,0.7
82,MAPbI3,,,PIN,test_2,ISOSL,,,,26,,21.1,,,,86,
83,,TitaniumDioxide,Spiro-OMeTAD,PIN,test_1,ISOSD,,40+-10,25,792,17.39,20.27,,,,96,94
84,(FAPbI3)0.95(MAPbBr3)0.05,,Spiro-OMeTAD,NIP,test_1,ISOST,,,60,,,23.2,,,,,95
84,(FAPbI3)0.95(MAPbBr3)0.05,,Spiro-OMeTAD,NIP,test_2,ISOSL,,,,310,,,,,,0.926,
85,(FAPbI3)0.95(MAPbBr3)0.05,,Poly(3-hexylthiophene),NIP,test_1,ISOSL,n-hexyl trimethyl ammonium bromide,85,,1370,,22.7,,,,95,
86,,TinOxide,Spiro-OMeTAD,,test_1,ISOSD,,,,2880,18.93,21.6,1.10,1.11,,92,74
86,,TinOxide,Spiro-OMeTAD,,test_2,ISOSL,,,120,,,,,,,86,38
87,,,,NIP,test_1,ISOSL,europium ion pair,,,1000,,21.52,,,,92,
87,,,,NIP,test_2,ISOST,,,85,,,,,,,0.91,
88,F- Cs 0.05 FA 0.81 MA 0.14 PbI 2.55 Br 0.45,,,NIP,test_1,ISOSL,FA,,25-40,1000,48.86,20.56,,,,90,
88,F- Cs 0.05 FA 0.81 MA 0.14 PbI 2.55 Br 0.45,,,NIP,test_2,ISOST,,,85,1000,,,,,,90,50
88,F- Cs 0.05 FA 0.81 MA 0.14 PbI 2.55 Br 0.45,,,NIP,test_3,ISOSD,,25-45,,6000,,,,,,90,
89,BA2MA3PbI13,,,NIP,test_1,,FAPbI3,,,,,20.87,,1.145,,,
90,(FAPbI 3 ) 0.85 (MAPbBr 3 ) 0.15,,Spiro-OMeTAD,NIP,test_1,,MA +,,,,18.7,19.8,,1.17,,,
91,,,,,test_1,ISOSL,FAPbI3,25,25,1200,,24.02,,1.130,,90,
91,,,,,test_2,ISOST,,,40,300,,,,,,90,60
92,,24,,NIP,test_1,ISOSL,,40,,,20,21.3,,,,90,50
92,,24,,NIP,test_2,ISOSD,,25,25,500,1.5 G,,,,,100,
92,,24,,NIP,test_3,ISOSLT,,,25,450,,,,,,67,
93,FA0.5MA0.5PbI3,TinOxide,Spiro-OMeTAD,NIP,test_1,,,,,,,21.21,,,,,
94,,,polymeric poly(4-vinylpyridine),PIN,test_1,ISOSL,,25-50,25-40,6000,19.11,20.6,,,,80,
94,,,polymeric poly(4-vinylpyridine),PIN,test_2,ISOSLT,,,,700,,,,,,90,80
94,,,polymeric poly(4-vinylpyridine),PIN,test_3,ISOST,,,85,300,,,,,,80,
95,(FAPbI3)0.95(MAPbBr3)0.05,TitaniumDioxide,Spiro-OMeTAD,,test_1,ISOSD,oleylammonium iodide,85,25,,5.9,23.3,,,,80,
95,(FAPbI3)0.95(MAPbBr3)0.05,TitaniumDioxide,Spiro-OMeTAD,,test_2,,,85,65,100,,,,,,90,20
96,(FAPbI3)0.85(MAPbBr3)0.15,,Spiro-OMeTAD,NIP,test_1,,,,,,,22.19,,,,,
97,Cs 0.05 (FA0.92MA0.08)0.95Pb(I0.92Br0.08)3,,,PIN,test_1,ISOSLT,oleylamine,,,1000,19.2,21.2,,,,100,58
97,Cs 0.05 (FA0.92MA0.08)0.95Pb(I0.92Br0.08)3,,,PIN,test_2,ISOST,,,85,1020,,,,,,90,
98,MAPbI 3,,Spiro-OMeTAD,NIP,test_1,ISOSLT,,60,,4,17.29,19.31,,,,95,30
99,,TinOxide,,NIP,test_1,ISOSO,chlorine-rich mixed-halide perovskite interlayer,,,500,18.08,21.01,,,,94,0
99,,TinOxide,,NIP,test_2,ISOSLT,,,,500,,,,,,82,
100,,Lanthanum oxide / Tin Oxide Bilayer,,NIP,test_1,ISOSL,,,,1920,21.17,23.2,,,,97.5,92.7
100,,Lanthanum oxide / Tin Oxide Bilayer,,NIP,test_2,ISOSLT,,,,180,,,,,,91,83
100,,Lanthanum oxide / Tin Oxide Bilayer,,NIP,test_3,,,75,,120,,,,,,80,71
101,,,,NIP,test_1,ISOSL,,20-30,room temperatue,720,19.65,16.78,,,,92.25,
102,FAPbI 3,,,NIP,test_1,ISOSL,lead iodide,20,,720,,20.71,,1.114,,80,
102,FAPbI 3,,,NIP,test_2,ISOSLT,,30,,1.6,17.23,21.48,,,,92,
103,(FAPbI3)0.95(MAPbBr3)0.05,,,,test_1,ISOSO,,,,600,,23.7,,,,90,
103,(FAPbI3)0.95(MAPbBr3)0.05,,,,test_2,,,85,25,,,,,,,90,4
103,(FAPbI3)0.95(MAPbBr3)0.05,,,,test_3,ISOST,,25,150,,,,,,,90,20
104,MAPbBr 3,tin dioxide,,,test_1,ISOSLT,,,,3600,,25.2,,,,100,
104,MAPbBr 3,tin dioxide,,,test_2,ISOSLT,,,,500,,,,,,80,
105,,titanium oxynitride,,NIP,test_1,ISOSL,,,,250,20.24,22.82,,,,98.7,96.5
105,,titanium oxynitride,,NIP,test_2,ISOSD,,85,85,,,,,,,,
106,,C60,,PIN,test_1,ISOSLT,,,85,1000,18.8,22.02,,1.20,,92,
106,,C60,,PIN,test_2,ISOSL,,75,,1100,,,,,,90,50
107,FAPbI 3,,,NIP,test_1,,,50-60,room temperature,1000,15.32,21.25,1.051,1.127,,91,
108,(FAPbI3)0.97(MC)0.03,,,NIP,test_1,ISOST,,15-25,85,1300,mesoporous Titanium Dioxide,24.4,,,,80,
108,(FAPbI3)0.97(MC)0.03,,,NIP,test_1_2,ISOST,,15-25,150,20,,,,,,80,60
108,(FAPbI3)0.97(MC)0.03,,,NIP,test_2,ISOSLT,,,,400,,,,,,90,
109,,polyacrylic acid-stabilized tin(IV) oxide quantum dots,Spiro-OMeTAD,NIP,test_1,ISOSL,,25,25,1000,,25.7,,1.177,,80,40
109,,polyacrylic acid-stabilized tin(IV) oxide quantum dots,Spiro-OMeTAD,NIP,test_2,ISOSL,,,,700,,,,,,45,
110,FAPbI3,,,,test_1,ISOSD,formate,20,25,1000,23.92,25.59,1.153,1.189,,90,65
110,FAPbI3,,,,test_2,ISOSD,,20,60,1000,,,,,,80,40
110,FAPbI3,,,,test_3,ISOSLT,,,35,450,,,,,,85,70
111,FAPbI 3,Titanium dioxide,,,test_1,ISOSLT,,,room temperature,2000,,19.66,,,,100,60
112,MA0.7FA0.3PbI3,C60,PTAA,PIN,test_1,ISOSLT,,60+-10,65,1000,21.8,23.0,1.14,1.17,,100,60
113,Cl-contained FAPbI3,Cl-bonded SnO 2,,NIP,test_1,ISOSL1,,,,500,,25.5,,1.1885,,90,
114,Cs 0.05(FA0.95MA0.05)0.95Pb(I0.95Br0.05)3,C60,poly(triarylamine),PIN,test_1,,Piperazinium Diiodide,55+-5,25,,20.76,21.98,1.06,1.13,,93,40
114,Cs 0.05(FA0.95MA0.05)0.95Pb(I0.95Br0.05)3,C60,poly(triarylamine),PIN,test_2,ISOSLT,piperazinium iodide,,,200,,,,,,90,87
115,,,,,test_2,,,,,2000,,24.04,,,,95,80
115,,,,,test_1,ISOSD2,,,85,2184,,,,,,95.2,75.8
116,FAPbI 3,,Spiro[OMeTAD-3-fluorophenyl],NIP,test_1,,Titanium dioxide,50,,500,23.21,24.82,1.152,1.1814,,87,60
117,FAPbI 3,Titanium dioxide,ion-modulated radical doping Spiro-OMeTAD,,test_1,,,70+-5,,1200,,25,1.15,1.04,,80,
117,FAPbI 3,Titanium dioxide,ion-modulated radical doping Spiro-OMeTAD,,test_2,,,,70+-3,800,,,,,,80,
117,FAPbI 3,Titanium dioxide,ion-modulated radical doping Spiro-OMeTAD,,test_3,,,,,500,,,,,,95,85
118,FA0.8Cs0.2Pb(I0.7Br0.3)3,,Spiro-OMeTAD,,test_1,,Butylammonium bromide,,,516,16.18,18.08,1.212,1.260,,91,6
119,,,bis(trifluoromethane)sulfonimide lithium salt/4-tert-butylpyridine (LiTFSI/tBP)doped poly(triarylamine),NIP,test_1,ISOSLT,,,85,1000,20.5,24.0,1.09,1.14,,92,
119,,,bis(trifluoromethane)sulfonimide lithium salt/4-tert-butylpyridine (LiTFSI/tBP)doped poly(triarylamine),NIP,test_2,ISOST,,,120,,,,,,,95,55
119,,,bis(trifluoromethane)sulfonimide lithium salt/4-tert-butylpyridine (LiTFSI/tBP)doped poly(triarylamine),NIP,test_3,ISOSLT,,50,,576,,,,,,90,40
120,(FA0.98MA0.02)0.95Cs0.05Pb(I0.95Br0.02)3,C60,poly(triaryl amine),,test_1,ISOSLT,ferrocenyl-bis-thiophene-2-carboxylate,,,1500,23.0,25.0,1.13,1.184,,0.72,
121,,,,,test_1,ISOSLT,,,,600,,26.08,,1.178,,88,
122,FAPbI 3,tin dioxide,Spiro-OMeTAD,NIP,test_1,ISOSD,,,,1000,,25.6,,1.182,,96,
122,FAPbI 3,tin dioxide,Spiro-OMeTAD,NIP,test_2,ISOSD,,,85,500,,,,,,80,50
123,(FAPbI3)0.95(MAPbBr3)0.05,C60,P3CT-N,,test_1,,,,85,2200,21.8,24.3,1.09,1.19,,91.8,73.2
123,(FAPbI3)0.95(MAPbBr3)0.05,C60,P3CT-N,,test_2,ISOSLT,,,55+-5,1000,,,,,,90.5,77.6
124,Cs 0.05(FA0.98MA0.02)0.95Pb(I0.98Br0.02)3,PC 61 BM,MeO-2PACz,PIN,test_1,,,,25,,22.3,24.6,,1.18,,93,84
124,Cs 0.05(FA0.98MA0.02)0.95Pb(I0.98Br0.02)3,PC 61 BM,MeO-2PACz,PIN,test_2,,,,75,1000,,,,,,88,56
124,Cs 0.05(FA0.98MA0.02)0.95Pb(I0.98Br0.02)3,PC 61 BM,MeO-2PACz,PIN,test_3_2,ISOST,,,60,,,,,,,88.7,63
124,Cs 0.05(FA0.98MA0.02)0.95Pb(I0.98Br0.02)3,PC 61 BM,MeO-2PACz,PIN,test_3,,,,80,,,,,,,98.9,75.6
125,Cs0.1FA0.9PbI3,tin dioxide,Spiro-OMeTAD,,test_1,ISOSD,,,45+-5,1750,20.9,23.4,,,,80,
125,Cs0.1FA0.9PbI3,tin dioxide,Spiro-OMeTAD,,test_3,ISOSLT,,,,960,,,,,,80,
125,Cs0.1FA0.9PbI3,tin dioxide,Spiro-OMeTAD,,test_2_2,ISOSLT,,,85,500,,,,,,89,
125,Cs0.1FA0.9PbI3,tin dioxide,Spiro-OMeTAD,,test_2,,,,65+-5,,,,,,,91,
126,FAPbI 3,tin dioxide,Spiro-OMeTAD,NIP,test_1,ISOSLT,lead oxalate,,,550,23.43,25.39,1.16,1.18,,92,60
127,,C60,poly(triarylamine),PIN,test_1,ISOSLT,zinc-based halogenometallate,,,1009,,24.1,,1.198,,94.5,
128,Cs0.05FA0.95PbI3,PCBM,poly(triarylamine),PIN,test_1,ISOST1,,,55+-5,1500,21.73,25.12,1.122,1.156,,98,78
128,Cs0.05FA0.95PbI3,PCBM,poly(triarylamine),PIN,test_2,ISOST1,,85,85,1200,,,,,,92,
129,,C60,"(2,7-Dimethoxy-9H-carbazol-9-yl)methyl phosphonic acid",PIN,test_1,ISOSLT,,,65+-5,1200,,24.8,,1.19,,98,70
129,,C60,"(2,7-Dimethoxy-9H-carbazol-9-yl)methyl phosphonic acid",PIN,test_2,ISOSLT,,,,500,,,,,,90,30
130,,,,,test_1,ISOSL3,,,30+-3,1000,18.9,20.4,1.13,1.18,,95,70
130,,,,,test_2,ISOSD,,85+-5,65+-3,500,,,,,,82,63
131,,,,PIN,test_1,ISOSLT,,,85,1000,23,25.5,1.13,1.19,,98,
132,Cs0.05(FAPbI3)0.85(MAPbBr3)0.15,,DDT-treated spiro-OMeTAD,,test_1,ISOSD,,50,,430,22.7,23.1,1.171,1.198,,97,68
132,Cs0.05(FAPbI3)0.85(MAPbBr3)0.15,,DDT-treated spiro-OMeTAD,,test_2,ISOSLT,,,50-85,,,,,,,95,
132,Cs0.05(FAPbI3)0.85(MAPbBr3)0.15,,DDT-treated spiro-OMeTAD,,test_3,ISOSLT,,,,2000,,,,,,93,10
133,Cs0.05FA0.9MA0.05Pb(I0.95Br0.05)3,C60,Me-4PACz,PIN,test_1,ISOSLT,sodium thioglycolate,,,900,22.5,24.2,1.14,1.19,,96,
134,FA0.98MA0.02Pbl3,,Spiro-OMeTAD,NIP,test_1,ISOSD,,85,85,300,,25.08,,1.174,,85,60
134,FA0.98MA0.02Pbl3,,Spiro-OMeTAD,NIP,test_2,ISOSD,,20,25+-5,2000,,,,,,97,68
134,FA0.98MA0.02Pbl3,,Spiro-OMeTAD,NIP,test_1_2,ISOSLT,,,50+-5,500,,,,,,96,65
134,FA0.98MA0.02Pbl3,,Spiro-OMeTAD,NIP,test_3,ISOSD,,85,85,260,,,,,,85,
135,,C60,"11-dimethoxy-7H-dibenzo[c,4-(3,g]carbazol-7-yl)butyl)phosphonic acid",PIN,test_1,ISOSLT,4-trifluorophenylethylammonium iodide,,25,1200,,25.6,,1.19,,85,
135,,C60,"11-dimethoxy-7H-dibenzo[c,4-(3,g]carbazol-7-yl)butyl)phosphonic acid",PIN,test_2_2,ISOSL2,,,85,1200,,,,,,65,
135,,C60,"11-dimethoxy-7H-dibenzo[c,4-(3,g]carbazol-7-yl)butyl)phosphonic acid",PIN,test_1_2,,,,85,800,,,,,,53,
135,,C60,"11-dimethoxy-7H-dibenzo[c,4-(3,g]carbazol-7-yl)butyl)phosphonic acid",PIN,test_2,,,,65,,,,,,,85,
135,,C60,"11-dimethoxy-7H-dibenzo[c,4-(3,g]carbazol-7-yl)butyl)phosphonic acid",PIN,test_3,,,,65,,,,,,,90,
135,,C60,"11-dimethoxy-7H-dibenzo[c,4-(3,g]carbazol-7-yl)butyl)phosphonic acid",PIN,test_3_2,,,,85,1200,,,,,,74,
136,Cs0.05(FA0.95MA0.05)0.95Pb(I0.95Br0.05)3,C60,[2-(9H-carbazol-9yl)ethyl]phosphonic acid,,test_1,ISOSL1,,30-40,45,2000,,23.4,,1.17,,90,
136,Cs0.05(FA0.95MA0.05)0.95Pb(I0.95Br0.05)3,C60,[2-(9H-carbazol-9yl)ethyl]phosphonic acid,,test_2,ISOSD,,85,85,500,,,,,,95,
137,,C60,,PIN,test_1,ISOSD2,"3-diammonium iodide,propane-1",,85,1600,,26.4,,1.17,,95,84
137,,C60,,PIN,test_2,ISOSL3,,50,65,2000,,,,,,96,70
138,Cs0.05MA0.10FA0.85PbI3,,,NIP,test_1,ISOSL3,,50,65,1000,,25.3,,,,95,
139,FA0.95Cs0.05PbI3,C60,poly(triaryl)amine,PIN,test_1,ISOSL1,,,,2500,25.40,23.54,1.145,1.164,,92,80
139,FA0.95Cs0.05PbI3,C60,poly(triaryl)amine,PIN,test_2,ISOSD3,,85,85,300,19.2,21.8,,,,90,80
140,FAPbI 3,,,,test_1,,,,50+-5,1258,,25.8,,,,94,
141,,boron chloride subphthalocyanine,,PIN,test_1,ISOSD,,85,85,816,,21.3,,,,80,80
141,,boron chloride subphthalocyanine,,PIN,test_2,ISOSO1,,,,1272,,,,,,95,
142,,,,,test_2,,,,85,,,16.13,,,,74,
142,,,,,test_1,,,65,,1200,,,,,,71,
143,(FAPbI3)0.77(MAPbBr3)0.14(CsPbI3)0.09,,Spiro-OMeTAD,,test_1,,fluorophenylethylammonium iodide,,,,17.66,18.03,1.099,1.085,,,
144,,C60,"Poly(3,4-ethylenedioxythiophene):Poly(styrene sulfonate)",PIN,test_1,ISOSLT,ethylenediammonium diiodide,,,200,19.6,23.6,0.79,0.89,,80,60
144,,C60,"Poly(3,4-ethylenedioxythiophene):Poly(styrene sulfonate)",PIN,test_2,,ethylenediammonium diiodide,,,180,,,,,,65,
145,Cs0.05(MA0.17FA0.83)0.95Pb(I0.83Br0.17)3,,Spiro-OMeTAD,,test_1,ISOSLT,4-fluoroaniline,,,95,17.8,20.48,1.02,1.13,,75,50
146,Cs0.05(MA0.05FA0.95)0.95Pb(I0.95Br0.05)3,,,,test_1,,ortho-carborane,30,40,400,,23.05,,1.170,,97,89
147,FAPbI 3,,Spiro-OMeTAD,NIP,test_1,ISOSD,carbazole-triphenylamine and phenylammonium iodide units,85,85,1000,22.3,,,1.112,,92.3,
147,FAPbI 3,,Spiro-OMeTAD,NIP,test_2,ISOSLT,carbazole-triphenylamine and phenylammonium iodide units,,,1100,,24.7,,,,94.6,66.6
148,Cs0.05FA0.85MA0.10Pb(I0.97Br0.03)3,,Spiro-OMeTAD,NIP,test_1_2,ISOSLT,phenylethylammonium iodide,50-70,,500,,,,,,84,70
148,Cs0.05FA0.85MA0.10Pb(I0.97Br0.03)3,,Spiro-OMeTAD,NIP,test_1,,4-tert-butyl-benzylammonium iodide,,,,21.2,22.7,1.091,1.122,,95,
149,FA0.7MA0.3Pb0.5Sn0.5I3,C60,,,test_1,ISOSLT,4-trifluoromethyl-phenylammonium,30-50,35,600,,26.4,,,,90,
