,perovskite_composition,passivating_molecule,passivating_molecule_cleaned
0,(MA0.14FA0.81Cs0.05)9-Pb10(I0.85Br0.15),tri-octyl phosphine oxide,tri-octyl phosphine oxide
1,Cs0.05FA0.85MA0.1PbI3,Titanium dioxide,Titanium dioxide
2,Cs0.05MA0.1FA0.85PbI2.7Br0.3,4-fluoroaniline,4-fluoroaniline
3,Cs 0.05 MA 0.05 FA 0.9 Pb(I 0.95 Br 0.05 ) 3,butylammonium iodide,butylammonium iodide
4,Cs 0.05 (FA0.92MA0.08)0.95Pb(I0.92Br0.08)3,n-hexyl trimethyl ammonium bromide,n-hexyl trimethyl ammonium bromide
5,Cs 0.05(FA0.95MA0.05)0.95Pb(I0.95Br0.05)3,4-chlorobenzenesulfonate (4Cl-BZS),4-chlorobenzenesulfonate
6,Cs0.05FA0.9MA0.05Pb(I0.95Br0.05)3,Lithium Fluoride,Lithium Fluoride
7,BA2PbI 4,lead iodide,lead iodide
8,Rb0.05Cs0.05MA0.05FA0.85Pb(I0.95Br0.05)3,PCBM,PCBM
9,Cs0.05(MA0.17FA0.83)0.95Pb(I0.83Br0.17)3,4-chlorobenzenesulfonate (4Cl-BZS),4-chlorobenzenesulfonate
10,BA2PbI 4,3-(aminomethyl)pyridine,3-(aminomethyl)pyridine
11,Cs0.05(FA5/6MA1/6)0.95Pb(I0.85Br0.15 )3,phenethylammonium iodide,phenethylammonium iodide
12,(FAPbI3)0.77(MAPbBr3)0.14(CsPbI3)0.09,4-chlorobenzenesulfonate (4Cl-BZS),4-chlorobenzenesulfonate
13,FA0.7MA0.3Pb0.5Sn0.5I3,2-thiopheneethylammonium chloride,2-thiopheneethylammonium chloride
14,Cs0.05MA0.1FA0.85PbI3,4-tert-butyl-benzylammonium iodide,4-tert-butyl-benzylammonium iodide
15,Cs0.05FA0.9MA0.05Pb(I0.95Br0.05)3,lead iodide,lead iodide
16,FAPbI 3,Butylammonium bromide,Butylammonium bromide
17,Cs 0.05(FA0.95MA0.05)0.95Pb(I0.95Br0.05)3,4-tert-butyl-benzylammonium iodide,4-tert-butyl-benzylammonium iodide
18,FAPbI 3,ortho-carborane,ortho-carborane
19,Cs0.05FA0.9MA0.05Pb(I0.95Br0.05)3,3-(aminomethyl)pyridine,3-(aminomethyl)pyridine
20,Cs0.05FA0.85MA0.1PbI3,formate,formate
21,Cs0.05(MA0.17FA0.83)0.95Pb(I0.83Br0.17)3,4-tert-butyl-benzylammonium iodide,4-tert-butyl-benzylammonium iodide
22,CsPbI0.05[(FAPbI3)0.89(MAPbBr3)0.11]0.95,oleylamine,oleylamine
23,(FAPbI3)0.77(MAPbBr3)0.14(CsPbI3)0.09,phenethylammonium iodide,phenethylammonium iodide
24,FA0.8Cs0.2Pb(I0.7Br0.3)3,Piperazinium Diiodide,Piperazinium Diiodide
25,Cs0.05MA0.1FA0.85PbI2.7Br0.3,4-chlorobenzenesulfonate (4Cl-BZS),4-chlorobenzenesulfonate
26,Rb0.05Cs0.05MA0.05FA0.85Pb(I0.95Br0.05)3,lead oxalate,lead oxalate
27,(MA0.14FA0.81Cs0.05)9-Pb10(I0.85Br0.15),lead oxalate,lead oxalate
28,BA2PbI 4,4-fluorophenylethylammonium iodide,4-fluorophenylethylammonium iodide
29,FA0.9Cs0.1Pb3,chlorophenylethylammonium iodide,chlorophenylethylammonium iodide
30,FAPbI3,n-hexyl trimethyl ammonium bromide,n-hexyl trimethyl ammonium bromide
31,FA0.8Cs0.2Pb(I0.7Br0.3)3,fluorophenylethylammonium iodide,fluorophenylethylammonium iodide
32,Cs 0.05 MA 0.05 FA 0.9 Pb(I 0.95 Br 0.05 ) 3,2-thiophenemethylammonium bromide,2-thiophenemethylammonium bromide
33,Rb0.05Cs0.05MA0.05FA0.85Pb(I0.95Br0.05)3,"3,4,5-trifluoroanilinium","3,4,5-trifluoroanilinium"
34,(MA0.14FA0.81Cs0.05)9-Pb10(I0.85Br0.15),"3,4,5-trifluoroanilinium","3,4,5-trifluoroanilinium"
35,(FAPbI3)0.95(MAPbBr3)0.05,butylammonium iodide,butylammonium iodide
36,Cs0.05FA0.85MA0.1PbI3,phenethylammonium iodide,phenethylammonium iodide
37,Cs0.05(FA5/6MA1/6)0.95Pb(I0.9Br0.1)3,butylammonium iodide,butylammonium iodide
38,FAPbI 3,oleylammonium iodide,oleylammonium iodide
39,FA0.8MA0.2PbI 3,lead oxalate,lead oxalate
40,Cs0.05FA0.9MA0.05Pb(I0.95Br0.05)3,4-fluorophenylethylammonium iodide,4-fluorophenylethylammonium iodide
41,Cs0.05MA0.1FA0.85PbI2.7Br0.3,4-tert-butyl-benzylammonium iodide,4-tert-butyl-benzylammonium iodide
42,FA0.9Cs0.1Pb3,butylammonium,butylammonium
43,Cs0.05MA0.1FA0.85PbI3,4-trifluoromethyl-phenylammonium,4-trifluoromethyl-phenylammonium
44,FAPbI 3,iso-butylamine iodide,iso-butylamine iodide
45,Cs 0.05(FA0.95MA0.05)0.95Pb(I0.95Br0.05)3,4-trifluoromethyl-phenylammonium,4-trifluoromethyl-phenylammonium
46,Cs0.05(MA0.05FA0.95)0.95Pb(I0.95Br0.05)3,chlorophenylethylammonium iodide,chlorophenylethylammonium iodide
47,Cs0.05(MA0.17FA0.83)0.95Pb(I0.83Br0.17)3,4-trifluoromethyl-phenylammonium,4-trifluoromethyl-phenylammonium
48,BA2PbI 4,n-hexyl trimethyl ammonium bromide,n-hexyl trimethyl ammonium bromide
49,FAPbI 3,2-thiopheneethylammonium chloride,2-thiopheneethylammonium chloride
50,Cs0.05(FA5/6MA1/6)0.95Pb(I0.85Br0.15 )3,cyclohexylmethylammonium iodide,cyclohexylmethylammonium iodide
51,BA2PbI 4,oleylamine,oleylamine
52,FA0.8Cs0.2Pb(I0.7Br0.3)3,sodium thioglycolate,sodium thioglycolate
53,(FAPbI3)0.77(MAPbBr3)0.14(CsPbI3)0.09,4-trifluoromethyl-phenylammonium,4-trifluoromethyl-phenylammonium
54,Cs0.05MA0.1FA0.85PbI3,cyclohexylmethylammonium iodide,cyclohexylmethylammonium iodide
55,Cs0.15FA0.85PbI2.19Br0.81,n-hexyl trimethyl ammonium bromide,n-hexyl trimethyl ammonium bromide
56,Cs 0.05 MA 0.05 FA 0.9 Pb(I 0.95 Br 0.05 ) 3,tri-octyl phosphine oxide,tri-octyl phosphine oxide
57,FA0.7MA0.3Pb0.5Sn0.5I3,tri-octyl phosphine oxide,tri-octyl phosphine oxide
58,Cs0.05FA0.9MA0.05Pb(I0.95Br0.05)3,oleylamine,oleylamine
59,Cs0.05(MA0.05FA0.95)0.95Pb(I0.95Br0.05)3,butylammonium,butylammonium
60,Cs0.12FA0.8MA0.08PbI1.8Br1,butylammonium iodide,butylammonium iodide
61,Cs 0.05 MA 0.05 FA 0.9 Pb(I 0.95 Br 0.05 ) 3,PCBM,PCBM
62,(FAPbI3)0.95(MAPbBr3)0.05,2-thiophenemethylammonium bromide,2-thiophenemethylammonium bromide
63,(FAPbI3)0.77(MAPbBr3)0.14(CsPbI3)0.09,cyclohexylmethylammonium iodide,cyclohexylmethylammonium iodide
64,Cs0.05MA0.1FA0.85PbI3,butylammonium bromide,butylammonium bromide
65,Cs0.05(FA5/6MA1/6)0.95Pb(I0.9Br0.1)3,2-thiophenemethylammonium bromide,2-thiophenemethylammonium bromide
66,(MA0.14FA0.81Cs0.05)9-Pb10(I0.85Br0.15),phenylethylammonium iodide,phenylethylammonium iodide
67,Cs 0.05(FA0.95MA0.05)0.95Pb(I0.95Br0.05)3,butylammonium bromide,butylammonium bromide
68,Cs0.05MA0.1FA0.85PbI2.7Br0.3,4-trifluoromethyl-phenylammonium,4-trifluoromethyl-phenylammonium
69,FA0.9Cs0.1Pb3,Butylammonium bromide,Butylammonium bromide
70,Cs0.05(MA0.17FA0.83)0.95Pb(I0.83Br0.17)3,butylammonium bromide,butylammonium bromide
71,MAPbI3,chlorophenylethylammonium iodide,chlorophenylethylammonium iodide
72,FA0.9Cs0.1Pb3,ortho-carborane,ortho-carborane
73,FA0.8MA0.2PbI 3,phenylethylammonium iodide,phenylethylammonium iodide
74,Cs0.05FA0.85MA0.1PbI3,cyclohexylmethylammonium iodide,cyclohexylmethylammonium iodide
75,Cs0.05FA0.85MA0.1PbI3,Lithium Fluoride,Lithium Fluoride
76,(FAPbI 3 ) 0.87(MAPbBr3)0.13]0.92(CsPbI3)0.08,butylammonium iodide,butylammonium iodide
77,FA0.7MA0.3Pb0.5Sn0.5I3,lead oxalate,lead oxalate
78,Cs 0.05 MA 0.05 FA 0.9 Pb(I 0.95 Br 0.05 ) 3,lead oxalate,lead oxalate
79,MAPbI3,butylammonium,butylammonium
80,FA0.8Cs0.2Pb(I0.7Br0.3)3,azetidinium lead iodide,azetidinium lead iodide
81,(MA0.14FA0.81Cs0.05)9-Pb10(I0.85Br0.15),Piperazinium Diiodide,Piperazinium Diiodide
82,Cs0.05MA0.1FA0.85PbI2.7Br0.3,butylammonium bromide,butylammonium bromide
83,(FAPbI3)0.95(MAPbBr3)0.05,PCBM,PCBM
84,FA0.9Cs0.1Pb3,oleylammonium iodide,oleylammonium iodide
85,Cs 0.05 (FA0.92MA0.08)0.95Pb(I0.92Br0.08)3,butylammonium iodide,butylammonium iodide
86,Cs0.05(FA5/6MA1/6)0.95Pb(I0.9Br0.1)3,PCBM,PCBM
87,(MA0.14FA0.81Cs0.05)9-Pb10(I0.85Br0.15),fluorophenylethylammonium iodide,fluorophenylethylammonium iodide
88,FA0.9Cs0.1Pb3,iso-butylamine iodide,iso-butylamine iodide
89,FA0.8MA0.2PbI 3,Piperazinium Diiodide,Piperazinium Diiodide
90,FA0.9Cs0.1Pb3,2-thiopheneethylammonium chloride,2-thiopheneethylammonium chloride
91,Cs0.05FA0.85MA0.10Pb(I0.97Br0.03)3,Butylammonium bromide,Butylammonium bromide
92,FA0.8MA0.2PbI 3,fluorophenylethylammonium iodide,fluorophenylethylammonium iodide
93,CsPbI0.05[(FAPbI3)0.89(MAPbBr3)0.11]0.95,butylammonium iodide,butylammonium iodide
94,FA0.8Cs0.2Pb(I0.7Br0.3)3,Lithium Fluoride,Lithium Fluoride
95,Cs0.05(MA0.05FA0.95)0.95Pb(I0.95Br0.05)3,oleylammonium iodide,oleylammonium iodide
96,(MA0.14FA0.81Cs0.05)9-Pb10(I0.85Br0.15),sodium thioglycolate,sodium thioglycolate
97,MAPbI3,Butylammonium bromide,Butylammonium bromide
98,Rb0.05Cs0.05MA0.05FA0.85Pb(I0.95Br0.05)3,formate,formate
99,MAPbI3,ortho-carborane,ortho-carborane
100,FAPbI3,butylammonium iodide,butylammonium iodide
101,Cs0.05(MA0.05FA0.95)0.95Pb(I0.95Br0.05)3,iso-butylamine iodide,iso-butylamine iodide
102,(FAPbI3)0.95(MAPbBr3)0.05,"3,4,5-trifluoroanilinium","3,4,5-trifluoroanilinium"
103,FA0.7MA0.3Pb0.5Sn0.5I3,phenylethylammonium iodide,phenylethylammonium iodide
104,Cs 0.05 (FA0.92MA0.08)0.95Pb(I0.92Br0.08)3,2-thiophenemethylammonium bromide,2-thiophenemethylammonium bromide
105,FA0.8Cs0.2Pb(I0.7Br0.3)3,lead iodide,lead iodide
106,FA0.8MA0.2PbI 3,sodium thioglycolate,sodium thioglycolate
107,FA0.8Cs0.2Pb(I0.7Br0.3)3,3-(aminomethyl)pyridine,3-(aminomethyl)pyridine
108,Cs0.05(MA0.05FA0.95)0.95Pb(I0.95Br0.05)3,(phenethylamino)methaniminium iodide,(phenethylamino)methaniminium iodide
109,(FAPbI 3 ) 0.87(MAPbBr3)0.13]0.92(CsPbI3)0.08,tri-octyl phosphine oxide,tri-octyl phosphine oxide
110,CsPbI0.05[(FAPbI3)0.89(MAPbBr3)0.11]0.95,2-thiophenemethylammonium bromide,2-thiophenemethylammonium bromide
111,MAPbI3,oleylammonium iodide,oleylammonium iodide
112,BA2PbI 4,butylammonium iodide,butylammonium iodide
113,(FAPbI 3 ) 0.87(MAPbBr3)0.13]0.92(CsPbI3)0.08,PCBM,PCBM
114,Cs0.05FA0.85MA0.10Pb(I0.97Br0.03)3,2-thiopheneethylammonium chloride,2-thiopheneethylammonium chloride
115,MAPbI3,iso-butylamine iodide,iso-butylamine iodide
116,FA0.7MA0.3Pb0.5Sn0.5I3,Piperazinium Diiodide,Piperazinium Diiodide
117,Cs0.15FA0.85PbI2.19Br0.81,butylammonium iodide,butylammonium iodide
118,Cs 0.05 (FA0.92MA0.08)0.95Pb(I0.92Br0.08)3,tri-octyl phosphine oxide,tri-octyl phosphine oxide
119,FAPbI3,2-thiophenemethylammonium bromide,2-thiophenemethylammonium bromide
120,FA0.8Cs0.2Pb(I0.7Br0.3)3,4-fluorophenylethylammonium iodide,4-fluorophenylethylammonium iodide
121,Cs 0.05 (FA0.92MA0.08)0.95Pb(I0.92Br0.08)3,PCBM,PCBM
122,FA0.7MA0.3Pb0.5Sn0.5I3,fluorophenylethylammonium iodide,fluorophenylethylammonium iodide
123,MAPbI3,(phenethylamino)methaniminium iodide,(phenethylamino)methaniminium iodide
124,Rb0.05Cs0.05MA0.05FA0.85Pb(I0.95Br0.05)3,azetidinium lead iodide,azetidinium lead iodide
125,(MA0.14FA0.81Cs0.05)9-Pb10(I0.85Br0.15),azetidinium lead iodide,azetidinium lead iodide
126,FAPbI 3,phenylethylammonium iodide,phenylethylammonium iodide
127,MAPbI 3,(phenethylamino)methaniminium iodide,(phenethylamino)methaniminium iodide
128,(FAPbI 3 ) 0.87(MAPbBr3)0.13]0.92(CsPbI3)0.08,lead oxalate,lead oxalate
129,FAPbI 3,4-tert-butyl-benzylammonium iodide,4-tert-butyl-benzylammonium iodide
130,BA2PbI 4,2-thiophenemethylammonium bromide,2-thiophenemethylammonium bromide
131,(FAPbI 3 ) 0.87(MAPbBr3)0.13]0.92(CsPbI3)0.08,"3,4,5-trifluoroanilinium","3,4,5-trifluoroanilinium"
132,CsPbI0.05[(FAPbI3)0.89(MAPbBr3)0.11]0.95,PCBM,PCBM
133,FA0.8Cs0.2Pb(I0.7Br0.3)3,oleylamine,oleylamine
134,FA0.7MA0.3Pb0.5Sn0.5I3,sodium thioglycolate,sodium thioglycolate
135,Cs 0.05 MA 0.05 FA 0.9 Pb(I 0.95 Br 0.05 ) 3,sodium thioglycolate,sodium thioglycolate
136,Cs 0.05 MA 0.05 FA 0.9 Pb(I 0.95 Br 0.05 ) 3,formate,formate
137,FAPbI3,tri-octyl phosphine oxide,tri-octyl phosphine oxide
138,Cs 0.05 (FA0.92MA0.08)0.95Pb(I0.92Br0.08)3,lead oxalate,lead oxalate
139,Cs0.15FA0.85PbI2.19Br0.81,2-thiophenemethylammonium bromide,2-thiophenemethylammonium bromide
140,Rb0.05Cs0.05MA0.05FA0.85Pb(I0.95Br0.05)3,Lithium Fluoride,Lithium Fluoride
141,(MA0.14FA0.81Cs0.05)9-Pb10(I0.85Br0.15),Lithium Fluoride,Lithium Fluoride
142,FAPbI3,PCBM,PCBM
143,Cs 0.05 (FA0.92MA0.08)0.95Pb(I0.92Br0.08)3,"3,4,5-trifluoroanilinium","3,4,5-trifluoroanilinium"
144,FAPbI 3,Piperazinium Diiodide,Piperazinium Diiodide
145,Cs0.05FA0.85MA0.10Pb(I0.97Br0.03)3,tri-octyl phosphine oxide,tri-octyl phosphine oxide
146,FA0.9Cs0.1Pb3,4-fluoroaniline,4-fluoroaniline
147,(FAPbI3)0.95(MAPbBr3)0.05,Titanium dioxide,Titanium dioxide
148,Rb0.05Cs0.05MA0.05FA0.85Pb(I0.95Br0.05)3,lead iodide,lead iodide
149,Cs0.05(FA5/6MA1/6)0.95Pb(I0.9Br0.1)3,Titanium dioxide,Titanium dioxide
150,FAPbI 3,fluorophenylethylammonium iodide,fluorophenylethylammonium iodide
151,(MA0.14FA0.81Cs0.05)9-Pb10(I0.85Br0.15),lead iodide,lead iodide
152,(MA0.14FA0.81Cs0.05)9-Pb10(I0.85Br0.15),3-(aminomethyl)pyridine,3-(aminomethyl)pyridine
153,FAPbI 3,4-trifluoromethyl-phenylammonium,4-trifluoromethyl-phenylammonium
154,BA2PbI 4,PCBM,PCBM
155,FA0.8MA0.2PbI 3,lead iodide,lead iodide
156,FAPbI3,lead oxalate,lead oxalate
157,Cs0.15FA0.85PbI2.19Br0.81,tri-octyl phosphine oxide,tri-octyl phosphine oxide
158,(FAPbI3)0.95(MAPbBr3)0.05,formate,formate
159,Cs0.05(FA5/6MA1/6)0.95Pb(I0.85Br0.15 )3,butylammonium,butylammonium
160,Cs0.05(MA0.05FA0.95)0.95Pb(I0.95Br0.05)3,4-fluoroaniline,4-fluoroaniline
161,Cs0.15FA0.85PbI2.19Br0.81,PCBM,PCBM
162,Cs0.05(FA5/6MA1/6)0.95Pb(I0.9Br0.1)3,formate,formate
163,Cs0.05MA0.1FA0.85PbI3,butylammonium,butylammonium
164,FAPbI 3,sodium thioglycolate,sodium thioglycolate
165,FAPbI3,"3,4,5-trifluoroanilinium","3,4,5-trifluoroanilinium"
166,FA0.9Cs0.1Pb3,4-chlorobenzenesulfonate (4Cl-BZS),4-chlorobenzenesulfonate
167,FA0.7MA0.3Pb0.5Sn0.5I3,azetidinium lead iodide,azetidinium lead iodide
168,Cs 0.05 MA 0.05 FA 0.9 Pb(I 0.95 Br 0.05 ) 3,azetidinium lead iodide,azetidinium lead iodide
169,Cs0.05FA0.85MA0.10Pb(I0.97Br0.03)3,lead oxalate,lead oxalate
170,Rb0.05Cs0.05MA0.05FA0.85Pb(I0.95Br0.05)3,4-fluorophenylethylammonium iodide,4-fluorophenylethylammonium iodide
171,(MA0.14FA0.81Cs0.05)9-Pb10(I0.85Br0.15),4-fluorophenylethylammonium iodide,4-fluorophenylethylammonium iodide
172,FA0.9Cs0.1Pb3,phenylethylammonium iodide,phenylethylammonium iodide
173,Cs0.12FA0.8MA0.08PbI1.8Br1,Titanium dioxide,Titanium dioxide
174,(FAPbI3)0.77(MAPbBr3)0.14(CsPbI3)0.09,butylammonium,butylammonium
175,Cs0.05FA0.85MA0.1PbI3,chlorophenylethylammonium iodide,chlorophenylethylammonium iodide
176,FAPbI 3,butylammonium bromide,butylammonium bromide
177,(FAPbI3)0.95(MAPbBr3)0.05,phenethylammonium iodide,phenethylammonium iodide
178,FA0.8MA0.2PbI 3,4-fluorophenylethylammonium iodide,4-fluorophenylethylammonium iodide
179,FA0.9Cs0.1Pb3,4-tert-butyl-benzylammonium iodide,4-tert-butyl-benzylammonium iodide
180,Cs0.05FA0.9MA0.05Pb(I0.95Br0.05)3,(phenethylamino)methaniminium iodide,(phenethylamino)methaniminium iodide
181,Cs0.05(FA5/6MA1/6)0.95Pb(I0.9Br0.1)3,phenethylammonium iodide,phenethylammonium iodide
182,BA2PbI 4,"3,4,5-trifluoroanilinium","3,4,5-trifluoroanilinium"
183,Cs0.15FA0.85PbI2.19Br0.81,lead oxalate,lead oxalate
184,MAPbI3,4-fluoroaniline,4-fluoroaniline
185,Cs0.05(MA0.05FA0.95)0.95Pb(I0.95Br0.05)3,4-chlorobenzenesulfonate (4Cl-BZS),4-chlorobenzenesulfonate
186,(FAPbI 3 ) 0.87(MAPbBr3)0.13]0.92(CsPbI3)0.08,fluorophenylethylammonium iodide,fluorophenylethylammonium iodide
187,Cs0.05FA0.85MA0.1PbI3,butylammonium,butylammonium
188,Cs0.12FA0.8MA0.08PbI1.8Br1,formate,formate
189,(MA0.14FA0.81Cs0.05)9-Pb10(I0.85Br0.15),n-hexyl trimethyl ammonium bromide,n-hexyl trimethyl ammonium bromide
190,Cs0.15FA0.85PbI2.19Br0.81,"3,4,5-trifluoroanilinium","3,4,5-trifluoroanilinium"
191,Cs0.05(FA5/6MA1/6)0.95Pb(I0.85Br0.15 )3,Butylammonium bromide,Butylammonium bromide
192,Cs 0.05 MA 0.05 FA 0.9 Pb(I 0.95 Br 0.05 ) 3,Lithium Fluoride,Lithium Fluoride
193,Rb0.05Cs0.05MA0.05FA0.85Pb(I0.95Br0.05)3,oleylamine,oleylamine
194,Cs0.05(FA5/6MA1/6)0.95Pb(I0.85Br0.15 )3,ortho-carborane,ortho-carborane
195,Cs0.05MA0.1FA0.85PbI3,Butylammonium bromide,Butylammonium bromide
196,(MA0.14FA0.81Cs0.05)9-Pb10(I0.85Br0.15),oleylamine,oleylamine
197,MAPbI 3,Titanium dioxide,Titanium dioxide
198,Cs0.05MA0.1FA0.85PbI3,ortho-carborane,ortho-carborane
199,Cs 0.05(FA0.95MA0.05)0.95Pb(I0.95Br0.05)3,Butylammonium bromide,Butylammonium bromide
200,FA0.8MA0.2PbI 3,n-hexyl trimethyl ammonium bromide,n-hexyl trimethyl ammonium bromide
201,Cs0.05(MA0.05FA0.95)0.95Pb(I0.95Br0.05)3,4-tert-butyl-benzylammonium iodide,4-tert-butyl-benzylammonium iodide
202,Cs0.05(MA0.17FA0.83)0.95Pb(I0.83Br0.17)3,Butylammonium bromide,Butylammonium bromide
203,FA0.7MA0.3Pb0.5Sn0.5I3,lead iodide,lead iodide
204,Cs 0.05 MA 0.05 FA 0.9 Pb(I 0.95 Br 0.05 ) 3,lead iodide,lead iodide
205,(FAPbI3)0.77(MAPbBr3)0.14(CsPbI3)0.09,Butylammonium bromide,Butylammonium bromide
206,(FAPbI 3 ) 0.87(MAPbBr3)0.13]0.92(CsPbI3)0.08,sodium thioglycolate,sodium thioglycolate
207,FA0.7MA0.3Pb0.5Sn0.5I3,3-(aminomethyl)pyridine,3-(aminomethyl)pyridine
208,Cs 0.05 MA 0.05 FA 0.9 Pb(I 0.95 Br 0.05 ) 3,3-(aminomethyl)pyridine,3-(aminomethyl)pyridine
209,Cs0.12FA0.8MA0.08PbI1.8Br1,phenethylammonium iodide,phenethylammonium iodide
210,(FAPbI3)0.77(MAPbBr3)0.14(CsPbI3)0.09,ortho-carborane,ortho-carborane
211,Cs0.05FA0.85MA0.10Pb(I0.97Br0.03)3,phenylethylammonium iodide,phenylethylammonium iodide
212,FA0.9Cs0.1Pb3,4-trifluoromethyl-phenylammonium,4-trifluoromethyl-phenylammonium
213,MAPbI3,4-chlorobenzenesulfonate (4Cl-BZS),4-chlorobenzenesulfonate
214,MAPbI 3,formate,formate
215,Cs0.05(FA5/6MA1/6)0.95Pb(I0.85Br0.15 )3,oleylammonium iodide,oleylammonium iodide
216,FA0.8Cs0.2Pb(I0.7Br0.3)3,butylammonium iodide,butylammonium iodide
217,Cs0.05MA0.1FA0.85PbI3,oleylammonium iodide,oleylammonium iodide
218,MAPbI3,phenylethylammonium iodide,phenylethylammonium iodide
219,Cs0.05(FA5/6MA1/6)0.95Pb(I0.85Br0.15 )3,iso-butylamine iodide,iso-butylamine iodide
220,CsPbI0.05[(FAPbI3)0.89(MAPbBr3)0.11]0.95,Titanium dioxide,Titanium dioxide
221,(FAPbI3)0.95(MAPbBr3)0.05,cyclohexylmethylammonium iodide,cyclohexylmethylammonium iodide
222,Cs0.05FA0.85MA0.1PbI3,ortho-carborane,ortho-carborane
223,Cs0.05MA0.1FA0.85PbI2.7Br0.3,Butylammonium bromide,Butylammonium bromide
224,Cs0.05(FA5/6MA1/6)0.95Pb(I0.9Br0.1)3,cyclohexylmethylammonium iodide,cyclohexylmethylammonium iodide
225,Cs 0.05 (FA0.92MA0.08)0.95Pb(I0.92Br0.08)3,formate,formate
226,MAPbI3,4-tert-butyl-benzylammonium iodide,4-tert-butyl-benzylammonium iodide
227,FA0.7MA0.3Pb0.5Sn0.5I3,4-fluorophenylethylammonium iodide,4-fluorophenylethylammonium iodide
228,Cs 0.05 MA 0.05 FA 0.9 Pb(I 0.95 Br 0.05 ) 3,4-fluorophenylethylammonium iodide,4-fluorophenylethylammonium iodide
229,(FAPbI3)0.77(MAPbBr3)0.14(CsPbI3)0.09,oleylammonium iodide,oleylammonium iodide
230,Cs0.05MA0.1FA0.85PbI3,2-thiopheneethylammonium chloride,2-thiopheneethylammonium chloride
231,Cs0.05(MA0.05FA0.95)0.95Pb(I0.95Br0.05)3,4-trifluoromethyl-phenylammonium,4-trifluoromethyl-phenylammonium
232,Cs0.05(FA5/6MA1/6)0.95Pb(I0.85Br0.15 )3,(phenethylamino)methaniminium iodide,(phenethylamino)methaniminium iodide
233,MAPbI 3,phenethylammonium iodide,phenethylammonium iodide
234,FA0.9Cs0.1Pb3,butylammonium bromide,butylammonium bromide
235,Cs 0.05(FA0.95MA0.05)0.95Pb(I0.95Br0.05)3,2-thiopheneethylammonium chloride,2-thiopheneethylammonium chloride
236,Cs0.05FA0.85MA0.10Pb(I0.97Br0.03)3,Piperazinium Diiodide,Piperazinium Diiodide
237,Cs0.05(MA0.17FA0.83)0.95Pb(I0.83Br0.17)3,2-thiopheneethylammonium chloride,2-thiopheneethylammonium chloride
238,CsPbI0.05[(FAPbI3)0.89(MAPbBr3)0.11]0.95,formate,formate
239,Cs0.05FA0.85MA0.10Pb(I0.97Br0.03)3,fluorophenylethylammonium iodide,fluorophenylethylammonium iodide
240,(FAPbI3)0.77(MAPbBr3)0.14(CsPbI3)0.09,2-thiopheneethylammonium chloride,2-thiopheneethylammonium chloride
241,Cs0.05FA0.85MA0.1PbI3,oleylammonium iodide,oleylammonium iodide
242,FA0.8Cs0.2Pb(I0.7Br0.3)3,2-thiophenemethylammonium bromide,2-thiophenemethylammonium bromide
243,FAPbI3,sodium thioglycolate,sodium thioglycolate
244,(FAPbI 3 ) 0.87(MAPbBr3)0.13]0.92(CsPbI3)0.08,azetidinium lead iodide,azetidinium lead iodide
245,Cs0.05FA0.85MA0.1PbI3,iso-butylamine iodide,iso-butylamine iodide
246,FA0.7MA0.3Pb0.5Sn0.5I3,n-hexyl trimethyl ammonium bromide,n-hexyl trimethyl ammonium bromide
247,Cs0.12FA0.8MA0.08PbI1.8Br1,cyclohexylmethylammonium iodide,cyclohexylmethylammonium iodide
248,Cs 0.05 MA 0.05 FA 0.9 Pb(I 0.95 Br 0.05 ) 3,oleylamine,oleylamine
249,FA0.7MA0.3Pb0.5Sn0.5I3,oleylamine,oleylamine
250,BA2PbI 4,Titanium dioxide,Titanium dioxide
251,Cs0.05(MA0.05FA0.95)0.95Pb(I0.95Br0.05)3,butylammonium bromide,butylammonium bromide
252,MAPbI3,4-trifluoromethyl-phenylammonium,4-trifluoromethyl-phenylammonium
253,CsPbI0.05[(FAPbI3)0.89(MAPbBr3)0.11]0.95,phenethylammonium iodide,phenethylammonium iodide
254,Cs0.05FA0.85MA0.10Pb(I0.97Br0.03)3,sodium thioglycolate,sodium thioglycolate
255,Cs0.05MA0.1FA0.85PbI2.7Br0.3,2-thiopheneethylammonium chloride,2-thiopheneethylammonium chloride
256,Cs0.05FA0.85MA0.1PbI3,(phenethylamino)methaniminium iodide,(phenethylamino)methaniminium iodide
257,Cs0.05FA0.9MA0.05Pb(I0.95Br0.05)3,Titanium dioxide,Titanium dioxide
258,Cs 0.05 (FA0.92MA0.08)0.95Pb(I0.92Br0.08)3,azetidinium lead iodide,azetidinium lead iodide
259,FAPbI 3,4-fluorophenylethylammonium iodide,4-fluorophenylethylammonium iodide
260,BA2PbI 4,formate,formate
261,(FAPbI 3 ) 0.87(MAPbBr3)0.13]0.92(CsPbI3)0.08,Lithium Fluoride,Lithium Fluoride
262,MAPbI 3,cyclohexylmethylammonium iodide,cyclohexylmethylammonium iodide
263,Cs0.15FA0.85PbI2.19Br0.81,sodium thioglycolate,sodium thioglycolate
264,Cs0.15FA0.85PbI2.19Br0.81,formate,formate
265,Rb0.05Cs0.05MA0.05FA0.85Pb(I0.95Br0.05)3,chlorophenylethylammonium iodide,chlorophenylethylammonium iodide
266,FA0.8Cs0.2Pb(I0.7Br0.3)3,PCBM,PCBM
267,Cs0.05FA0.9MA0.05Pb(I0.95Br0.05)3,formate,formate
268,Cs 0.05(FA0.95MA0.05)0.95Pb(I0.95Br0.05)3,tri-octyl phosphine oxide,tri-octyl phosphine oxide
269,MAPbI3,butylammonium bromide,butylammonium bromide
270,Cs0.05(MA0.17FA0.83)0.95Pb(I0.83Br0.17)3,tri-octyl phosphine oxide,tri-octyl phosphine oxide
271,(FAPbI 3 ) 0.87(MAPbBr3)0.13]0.92(CsPbI3)0.08,lead iodide,lead iodide
272,(MA0.14FA0.81Cs0.05)9-Pb10(I0.85Br0.15),butylammonium iodide,butylammonium iodide
273,Cs 0.05 (FA0.92MA0.08)0.95Pb(I0.92Br0.08)3,Lithium Fluoride,Lithium Fluoride
274,FAPbI 3,n-hexyl trimethyl ammonium bromide,n-hexyl trimethyl ammonium bromide
275,(FAPbI 3 ) 0.87(MAPbBr3)0.13]0.92(CsPbI3)0.08,3-(aminomethyl)pyridine,3-(aminomethyl)pyridine
276,BA2PbI 4,phenethylammonium iodide,phenethylammonium iodide
277,FAPbI3,azetidinium lead iodide,azetidinium lead iodide
278,FA0.8MA0.2PbI 3,butylammonium iodide,butylammonium iodide
279,Cs0.05FA0.9MA0.05Pb(I0.95Br0.05)3,phenethylammonium iodide,phenethylammonium iodide
280,Cs 0.05 (FA0.92MA0.08)0.95Pb(I0.92Br0.08)3,lead iodide,lead iodide
281,CsPbI0.05[(FAPbI3)0.89(MAPbBr3)0.11]0.95,cyclohexylmethylammonium iodide,cyclohexylmethylammonium iodide
282,Cs0.05FA0.85MA0.10Pb(I0.97Br0.03)3,azetidinium lead iodide,azetidinium lead iodide
283,Cs 0.05 (FA0.92MA0.08)0.95Pb(I0.92Br0.08)3,3-(aminomethyl)pyridine,3-(aminomethyl)pyridine
284,Cs0.05MA0.1FA0.85PbI3,lead oxalate,lead oxalate
285,Cs0.05MA0.1FA0.85PbI2.7Br0.3,tri-octyl phosphine oxide,tri-octyl phosphine oxide
286,Cs 0.05(FA0.95MA0.05)0.95Pb(I0.95Br0.05)3,lead oxalate,lead oxalate
287,(FAPbI 3 ) 0.87(MAPbBr3)0.13]0.92(CsPbI3)0.08,4-fluorophenylethylammonium iodide,4-fluorophenylethylammonium iodide
288,Cs0.05(FA5/6MA1/6)0.95Pb(I0.85Br0.15 )3,4-fluoroaniline,4-fluoroaniline
289,FAPbI3,Lithium Fluoride,Lithium Fluoride
290,Cs0.05(MA0.17FA0.83)0.95Pb(I0.83Br0.17)3,lead oxalate,lead oxalate
291,(MA0.14FA0.81Cs0.05)9-Pb10(I0.85Br0.15),2-thiophenemethylammonium bromide,2-thiophenemethylammonium bromide
292,Cs0.15FA0.85PbI2.19Br0.81,azetidinium lead iodide,azetidinium lead iodide
293,FA0.8MA0.2PbI 3,2-thiophenemethylammonium bromide,2-thiophenemethylammonium bromide
294,FAPbI3,lead iodide,lead iodide
295,FAPbI3,3-(aminomethyl)pyridine,3-(aminomethyl)pyridine
296,BA2PbI 4,cyclohexylmethylammonium iodide,cyclohexylmethylammonium iodide
297,(FAPbI 3 ) 0.87(MAPbBr3)0.13]0.92(CsPbI3)0.08,oleylamine,oleylamine
298,Cs0.05MA0.1FA0.85PbI2.7Br0.3,lead oxalate,lead oxalate
299,Cs0.05(FA5/6MA1/6)0.95Pb(I0.85Br0.15 )3,4-chlorobenzenesulfonate (4Cl-BZS),4-chlorobenzenesulfonate
300,Cs0.05FA0.85MA0.10Pb(I0.97Br0.03)3,lead iodide,lead iodide
301,Cs0.05FA0.85MA0.1PbI3,4-fluoroaniline,4-fluoroaniline
302,Cs0.05FA0.9MA0.05Pb(I0.95Br0.05)3,cyclohexylmethylammonium iodide,cyclohexylmethylammonium iodide
303,Cs0.05FA0.85MA0.10Pb(I0.97Br0.03)3,3-(aminomethyl)pyridine,3-(aminomethyl)pyridine
304,Cs0.15FA0.85PbI2.19Br0.81,Lithium Fluoride,Lithium Fluoride
305,FA0.7MA0.3Pb0.5Sn0.5I3,butylammonium iodide,butylammonium iodide
306,Cs0.05MA0.1FA0.85PbI3,phenylethylammonium iodide,phenylethylammonium iodide
307,FA0.9Cs0.1Pb3,n-hexyl trimethyl ammonium bromide,n-hexyl trimethyl ammonium bromide
308,(MA0.14FA0.81Cs0.05)9-Pb10(I0.85Br0.15),PCBM,PCBM
309,Cs 0.05(FA0.95MA0.05)0.95Pb(I0.95Br0.05)3,phenylethylammonium iodide,phenylethylammonium iodide
310,FAPbI3,4-fluorophenylethylammonium iodide,4-fluorophenylethylammonium iodide
311,Cs0.05(FA5/6MA1/6)0.95Pb(I0.85Br0.15 )3,4-tert-butyl-benzylammonium iodide,4-tert-butyl-benzylammonium iodide
312,Cs0.05(MA0.17FA0.83)0.95Pb(I0.83Br0.17)3,phenylethylammonium iodide,phenylethylammonium iodide
313,Cs0.15FA0.85PbI2.19Br0.81,lead iodide,lead iodide
314,(FAPbI3)0.77(MAPbBr3)0.14(CsPbI3)0.09,phenylethylammonium iodide,phenylethylammonium iodide
315,FA0.8MA0.2PbI 3,PCBM,PCBM
316,Cs0.15FA0.85PbI2.19Br0.81,3-(aminomethyl)pyridine,3-(aminomethyl)pyridine
317,Cs0.05FA0.85MA0.10Pb(I0.97Br0.03)3,4-fluorophenylethylammonium iodide,4-fluorophenylethylammonium iodide
318,(FAPbI3)0.77(MAPbBr3)0.14(CsPbI3)0.09,4-tert-butyl-benzylammonium iodide,4-tert-butyl-benzylammonium iodide
319,Rb0.05Cs0.05MA0.05FA0.85Pb(I0.95Br0.05)3,(phenethylamino)methaniminium iodide,(phenethylamino)methaniminium iodide
320,(FAPbI3)0.95(MAPbBr3)0.05,chlorophenylethylammonium iodide,chlorophenylethylammonium iodide
321,Cs0.05(FA5/6MA1/6)0.95Pb(I0.9Br0.1)3,chlorophenylethylammonium iodide,chlorophenylethylammonium iodide
322,Cs0.05MA0.1FA0.85PbI3,Piperazinium Diiodide,Piperazinium Diiodide
323,FAPbI3,oleylamine,oleylamine
324,FA0.7MA0.3Pb0.5Sn0.5I3,2-thiophenemethylammonium bromide,2-thiophenemethylammonium bromide
325,Cs0.05MA0.1FA0.85PbI2.7Br0.3,phenylethylammonium iodide,phenylethylammonium iodide
326,FA0.8Cs0.2Pb(I0.7Br0.3)3,Titanium dioxide,Titanium dioxide
327,Cs0.05FA0.85MA0.1PbI3,4-tert-butyl-benzylammonium iodide,4-tert-butyl-benzylammonium iodide
328,Cs0.15FA0.85PbI2.19Br0.81,4-fluorophenylethylammonium iodide,4-fluorophenylethylammonium iodide
329,Cs0.05MA0.1FA0.85PbI3,fluorophenylethylammonium iodide,fluorophenylethylammonium iodide
330,Cs0.05(MA0.17FA0.83)0.95Pb(I0.83Br0.17)3,Piperazinium Diiodide,Piperazinium Diiodide
331,Cs0.05(FA5/6MA1/6)0.95Pb(I0.85Br0.15 )3,4-trifluoromethyl-phenylammonium,4-trifluoromethyl-phenylammonium
332,Cs 0.05(FA0.95MA0.05)0.95Pb(I0.95Br0.05)3,fluorophenylethylammonium iodide,fluorophenylethylammonium iodide
333,FAPbI 3,butylammonium iodide,butylammonium iodide
334,(FAPbI3)0.95(MAPbBr3)0.05,butylammonium,butylammonium
335,(FAPbI3)0.77(MAPbBr3)0.14(CsPbI3)0.09,Piperazinium Diiodide,Piperazinium Diiodide
336,Cs0.05FA0.85MA0.10Pb(I0.97Br0.03)3,n-hexyl trimethyl ammonium bromide,n-hexyl trimethyl ammonium bromide
337,Cs0.05FA0.85MA0.10Pb(I0.97Br0.03)3,oleylamine,oleylamine
338,Cs0.05(FA5/6MA1/6)0.95Pb(I0.9Br0.1)3,butylammonium,butylammonium
339,Cs0.05(MA0.17FA0.83)0.95Pb(I0.83Br0.17)3,fluorophenylethylammonium iodide,fluorophenylethylammonium iodide
340,FA0.8MA0.2PbI 3,"3,4,5-trifluoroanilinium","3,4,5-trifluoroanilinium"
341,MAPbI3,n-hexyl trimethyl ammonium bromide,n-hexyl trimethyl ammonium bromide
342,FA0.8Cs0.2Pb(I0.7Br0.3)3,formate,formate
343,Cs0.05MA0.1FA0.85PbI3,sodium thioglycolate,sodium thioglycolate
344,Cs0.12FA0.8MA0.08PbI1.8Br1,chlorophenylethylammonium iodide,chlorophenylethylammonium iodide
345,Cs 0.05(FA0.95MA0.05)0.95Pb(I0.95Br0.05)3,sodium thioglycolate,sodium thioglycolate
346,Cs0.05MA0.1FA0.85PbI2.7Br0.3,Piperazinium Diiodide,Piperazinium Diiodide
347,Cs0.15FA0.85PbI2.19Br0.81,oleylamine,oleylamine
348,Cs0.05(MA0.17FA0.83)0.95Pb(I0.83Br0.17)3,sodium thioglycolate,sodium thioglycolate
349,Cs0.05(FA5/6MA1/6)0.95Pb(I0.85Br0.15 )3,butylammonium bromide,butylammonium bromide
350,FA0.7MA0.3Pb0.5Sn0.5I3,PCBM,PCBM
351,Cs0.05MA0.1FA0.85PbI2.7Br0.3,fluorophenylethylammonium iodide,fluorophenylethylammonium iodide
352,(FAPbI3)0.77(MAPbBr3)0.14(CsPbI3)0.09,sodium thioglycolate,sodium thioglycolate
353,Cs0.05FA0.85MA0.1PbI3,4-trifluoromethyl-phenylammonium,4-trifluoromethyl-phenylammonium
354,Cs0.12FA0.8MA0.08PbI1.8Br1,butylammonium,butylammonium
355,FAPbI 3,2-thiophenemethylammonium bromide,2-thiophenemethylammonium bromide
356,FA0.8Cs0.2Pb(I0.7Br0.3)3,phenethylammonium iodide,phenethylammonium iodide
357,(FAPbI3)0.95(MAPbBr3)0.05,Butylammonium bromide,Butylammonium bromide
358,Cs0.05(FA5/6MA1/6)0.95Pb(I0.9Br0.1)3,Butylammonium bromide,Butylammonium bromide
359,(FAPbI3)0.95(MAPbBr3)0.05,ortho-carborane,ortho-carborane
360,(FAPbI3)0.77(MAPbBr3)0.14(CsPbI3)0.09,butylammonium bromide,butylammonium bromide
361,Cs0.05(FA5/6MA1/6)0.95Pb(I0.9Br0.1)3,ortho-carborane,ortho-carborane
362,MAPbI 3,chlorophenylethylammonium iodide,chlorophenylethylammonium iodide
363,Cs 0.05 MA 0.05 FA 0.9 Pb(I 0.95 Br 0.05 ) 3,(phenethylamino)methaniminium iodide,(phenethylamino)methaniminium iodide
364,Cs0.05MA0.1FA0.85PbI2.7Br0.3,sodium thioglycolate,sodium thioglycolate
365,Cs 0.05 (FA0.92MA0.08)0.95Pb(I0.92Br0.08)3,chlorophenylethylammonium iodide,chlorophenylethylammonium iodide
366,Cs0.05FA0.85MA0.1PbI3,butylammonium bromide,butylammonium bromide
367,FA0.7MA0.3Pb0.5Sn0.5I3,"3,4,5-trifluoroanilinium","3,4,5-trifluoroanilinium"
368,Cs0.05(MA0.05FA0.95)0.95Pb(I0.95Br0.05)3,Butylammonium bromide,Butylammonium bromide
369,MAPbI 3,butylammonium,butylammonium
370,FAPbI 3,tri-octyl phosphine oxide,tri-octyl phosphine oxide
371,Cs0.05(FA5/6MA1/6)0.95Pb(I0.9Br0.1)3,oleylammonium iodide,oleylammonium iodide
372,Cs 0.05(FA0.95MA0.05)0.95Pb(I0.95Br0.05)3,azetidinium lead iodide,azetidinium lead iodide
373,Cs0.12FA0.8MA0.08PbI1.8Br1,Butylammonium bromide,Butylammonium bromide
374,FAPbI 3,PCBM,PCBM
375,(FAPbI3)0.95(MAPbBr3)0.05,iso-butylamine iodide,iso-butylamine iodide
376,Rb0.05Cs0.05MA0.05FA0.85Pb(I0.95Br0.05)3,Titanium dioxide,Titanium dioxide
377,Cs0.12FA0.8MA0.08PbI1.8Br1,ortho-carborane,ortho-carborane
378,Cs0.05(FA5/6MA1/6)0.95Pb(I0.9Br0.1)3,iso-butylamine iodide,iso-butylamine iodide
379,CsPbI0.05[(FAPbI3)0.89(MAPbBr3)0.11]0.95,chlorophenylethylammonium iodide,chlorophenylethylammonium iodide
380,(MA0.14FA0.81Cs0.05)9-Pb10(I0.85Br0.15),Titanium dioxide,Titanium dioxide
381,Cs0.05(MA0.17FA0.83)0.95Pb(I0.83Br0.17)3,azetidinium lead iodide,azetidinium lead iodide
382,(FAPbI3)0.95(MAPbBr3)0.05,(phenethylamino)methaniminium iodide,(phenethylamino)methaniminium iodide
383,FA0.8MA0.2PbI 3,Titanium dioxide,Titanium dioxide
384,FA0.8Cs0.2Pb(I0.7Br0.3)3,cyclohexylmethylammonium iodide,cyclohexylmethylammonium iodide
385,Cs0.05(FA5/6MA1/6)0.95Pb(I0.9Br0.1)3,(phenethylamino)methaniminium iodide,(phenethylamino)methaniminium iodide
386,CsPbI0.05[(FAPbI3)0.89(MAPbBr3)0.11]0.95,butylammonium,butylammonium
387,(MA0.14FA0.81Cs0.05)9-Pb10(I0.85Br0.15),formate,formate
388,Cs 0.05(FA0.95MA0.05)0.95Pb(I0.95Br0.05)3,Lithium Fluoride,Lithium Fluoride
389,Cs0.12FA0.8MA0.08PbI1.8Br1,oleylammonium iodide,oleylammonium iodide
390,MAPbI 3,Butylammonium bromide,Butylammonium bromide
391,Cs0.05(MA0.17FA0.83)0.95Pb(I0.83Br0.17)3,Lithium Fluoride,Lithium Fluoride
392,MAPbI 3,ortho-carborane,ortho-carborane
393,FA0.9Cs0.1Pb3,2-thiophenemethylammonium bromide,2-thiophenemethylammonium bromide
394,FA0.8MA0.2PbI 3,formate,formate
395,Cs0.12FA0.8MA0.08PbI1.8Br1,iso-butylamine iodide,iso-butylamine iodide
396,FAPbI 3,"3,4,5-trifluoroanilinium","3,4,5-trifluoroanilinium"
397,Cs0.05(MA0.05FA0.95)0.95Pb(I0.95Br0.05)3,2-thiopheneethylammonium chloride,2-thiopheneethylammonium chloride
398,Cs0.05FA0.85MA0.10Pb(I0.97Br0.03)3,butylammonium iodide,butylammonium iodide
399,Cs 0.05(FA0.95MA0.05)0.95Pb(I0.95Br0.05)3,lead iodide,lead iodide
400,BA2PbI 4,chlorophenylethylammonium iodide,chlorophenylethylammonium iodide
401,Rb0.05Cs0.05MA0.05FA0.85Pb(I0.95Br0.05)3,phenethylammonium iodide,phenethylammonium iodide
402,(MA0.14FA0.81Cs0.05)9-Pb10(I0.85Br0.15),phenethylammonium iodide,phenethylammonium iodide
403,Cs 0.05(FA0.95MA0.05)0.95Pb(I0.95Br0.05)3,3-(aminomethyl)pyridine,3-(aminomethyl)pyridine
404,Cs0.05(MA0.17FA0.83)0.95Pb(I0.83Br0.17)3,lead iodide,lead iodide
405,Cs0.12FA0.8MA0.08PbI1.8Br1,(phenethylamino)methaniminium iodide,(phenethylamino)methaniminium iodide
406,Cs0.05(MA0.17FA0.83)0.95Pb(I0.83Br0.17)3,3-(aminomethyl)pyridine,3-(aminomethyl)pyridine
407,Cs0.05FA0.9MA0.05Pb(I0.95Br0.05)3,chlorophenylethylammonium iodide,chlorophenylethylammonium iodide
408,FA0.8MA0.2PbI 3,phenethylammonium iodide,phenethylammonium iodide
409,MAPbI 3,oleylammonium iodide,oleylammonium iodide
410,BA2PbI 4,butylammonium,butylammonium
411,Cs0.05MA0.1FA0.85PbI2.7Br0.3,Lithium Fluoride,Lithium Fluoride
412,CsPbI0.05[(FAPbI3)0.89(MAPbBr3)0.11]0.95,Butylammonium bromide,Butylammonium bromide
413,CsPbI0.05[(FAPbI3)0.89(MAPbBr3)0.11]0.95,ortho-carborane,ortho-carborane
414,MAPbI3,2-thiopheneethylammonium chloride,2-thiopheneethylammonium chloride
415,MAPbI 3,iso-butylamine iodide,iso-butylamine iodide
416,FA0.9Cs0.1Pb3,tri-octyl phosphine oxide,tri-octyl phosphine oxide
417,Cs0.05MA0.1FA0.85PbI3,4-fluorophenylethylammonium iodide,4-fluorophenylethylammonium iodide
418,Cs0.05FA0.9MA0.05Pb(I0.95Br0.05)3,butylammonium,butylammonium
419,Cs 0.05(FA0.95MA0.05)0.95Pb(I0.95Br0.05)3,4-fluorophenylethylammonium iodide,4-fluorophenylethylammonium iodide
420,FA0.9Cs0.1Pb3,PCBM,PCBM
421,(FAPbI 3 ) 0.87(MAPbBr3)0.13]0.92(CsPbI3)0.08,(phenethylamino)methaniminium iodide,(phenethylamino)methaniminium iodide
422,MAPbI 3,2-thiopheneethylammonium chloride,2-thiopheneethylammonium chloride
423,Cs 0.05 MA 0.05 FA 0.9 Pb(I 0.95 Br 0.05 ) 3,Titanium dioxide,Titanium dioxide
424,Cs0.05MA0.1FA0.85PbI2.7Br0.3,lead iodide,lead iodide
425,Cs 0.05 (FA0.92MA0.08)0.95Pb(I0.92Br0.08)3,iso-butylamine iodide,iso-butylamine iodide
426,Cs0.05(MA0.17FA0.83)0.95Pb(I0.83Br0.17)3,4-fluorophenylethylammonium iodide,4-fluorophenylethylammonium iodide
427,Cs0.05MA0.1FA0.85PbI2.7Br0.3,3-(aminomethyl)pyridine,3-(aminomethyl)pyridine
428,Cs0.05FA0.85MA0.10Pb(I0.97Br0.03)3,2-thiophenemethylammonium bromide,2-thiophenemethylammonium bromide
429,FA0.7MA0.3Pb0.5Sn0.5I3,Titanium dioxide,Titanium dioxide
430,(FAPbI3)0.77(MAPbBr3)0.14(CsPbI3)0.09,4-fluorophenylethylammonium iodide,4-fluorophenylethylammonium iodide
431,FA0.8MA0.2PbI 3,azetidinium lead iodide,azetidinium lead iodide
432,CsPbI0.05[(FAPbI3)0.89(MAPbBr3)0.11]0.95,oleylammonium iodide,oleylammonium iodide
433,Cs0.05(FA5/6MA1/6)0.95Pb(I0.85Br0.15 )3,n-hexyl trimethyl ammonium bromide,n-hexyl trimethyl ammonium bromide
434,MAPbI3,2-thiophenemethylammonium bromide,2-thiophenemethylammonium bromide
435,Cs 0.05 (FA0.92MA0.08)0.95Pb(I0.92Br0.08)3,(phenethylamino)methaniminium iodide,(phenethylamino)methaniminium iodide
436,Cs0.05(MA0.05FA0.95)0.95Pb(I0.95Br0.05)3,tri-octyl phosphine oxide,tri-octyl phosphine oxide
437,Cs0.05MA0.1FA0.85PbI3,n-hexyl trimethyl ammonium bromide,n-hexyl trimethyl ammonium bromide
438,FA0.7MA0.3Pb0.5Sn0.5I3,formate,formate
439,CsPbI0.05[(FAPbI3)0.89(MAPbBr3)0.11]0.95,iso-butylamine iodide,iso-butylamine iodide
440,Cs 0.05(FA0.95MA0.05)0.95Pb(I0.95Br0.05)3,n-hexyl trimethyl ammonium bromide,n-hexyl trimethyl ammonium bromide
441,Rb0.05Cs0.05MA0.05FA0.85Pb(I0.95Br0.05)3,cyclohexylmethylammonium iodide,cyclohexylmethylammonium iodide
442,(MA0.14FA0.81Cs0.05)9-Pb10(I0.85Br0.15),cyclohexylmethylammonium iodide,cyclohexylmethylammonium iodide
443,Cs 0.05(FA0.95MA0.05)0.95Pb(I0.95Br0.05)3,oleylamine,oleylamine
444,FA0.9Cs0.1Pb3,lead oxalate,lead oxalate
445,BA2PbI 4,ortho-carborane,ortho-carborane
446,Cs0.05(MA0.17FA0.83)0.95Pb(I0.83Br0.17)3,n-hexyl trimethyl ammonium bromide,n-hexyl trimethyl ammonium bromide
447,Cs0.05MA0.1FA0.85PbI2.7Br0.3,4-fluorophenylethylammonium iodide,4-fluorophenylethylammonium iodide
448,Cs0.05(MA0.17FA0.83)0.95Pb(I0.83Br0.17)3,oleylamine,oleylamine
449,(FAPbI3)0.77(MAPbBr3)0.14(CsPbI3)0.09,n-hexyl trimethyl ammonium bromide,n-hexyl trimethyl ammonium bromide
450,FA0.9Cs0.1Pb3,"3,4,5-trifluoroanilinium","3,4,5-trifluoroanilinium"
451,Cs0.05FA0.9MA0.05Pb(I0.95Br0.05)3,Butylammonium bromide,Butylammonium bromide
452,CsPbI0.05[(FAPbI3)0.89(MAPbBr3)0.11]0.95,(phenethylamino)methaniminium iodide,(phenethylamino)methaniminium iodide
453,(FAPbI3)0.95(MAPbBr3)0.05,4-fluoroaniline,4-fluoroaniline
454,Cs0.05FA0.9MA0.05Pb(I0.95Br0.05)3,ortho-carborane,ortho-carborane
455,Cs0.05(FA5/6MA1/6)0.95Pb(I0.9Br0.1)3,4-fluoroaniline,4-fluoroaniline
456,FA0.8MA0.2PbI 3,Lithium Fluoride,Lithium Fluoride
457,Cs0.05FA0.85MA0.10Pb(I0.97Br0.03)3,PCBM,PCBM
458,FA0.7MA0.3Pb0.5Sn0.5I3,phenethylammonium iodide,phenethylammonium iodide
459,Cs 0.05 MA 0.05 FA 0.9 Pb(I 0.95 Br 0.05 ) 3,phenethylammonium iodide,phenethylammonium iodide
460,MAPbI3,tri-octyl phosphine oxide,tri-octyl phosphine oxide
461,FAPbI3,(phenethylamino)methaniminium iodide,(phenethylamino)methaniminium iodide
462,Cs0.05(MA0.05FA0.95)0.95Pb(I0.95Br0.05)3,lead oxalate,lead oxalate
463,BA2PbI 4,oleylammonium iodide,oleylammonium iodide
464,Cs0.05MA0.1FA0.85PbI2.7Br0.3,n-hexyl trimethyl ammonium bromide,n-hexyl trimethyl ammonium bromide
465,MAPbI3,PCBM,PCBM
466,Cs0.05MA0.1FA0.85PbI2.7Br0.3,oleylamine,oleylamine
467,FA0.8MA0.2PbI 3,3-(aminomethyl)pyridine,3-(aminomethyl)pyridine
468,Cs0.05FA0.9MA0.05Pb(I0.95Br0.05)3,oleylammonium iodide,oleylammonium iodide
469,FAPbI 3,formate,formate
470,(FAPbI3)0.95(MAPbBr3)0.05,4-chlorobenzenesulfonate (4Cl-BZS),4-chlorobenzenesulfonate
471,Cs0.05(FA5/6MA1/6)0.95Pb(I0.9Br0.1)3,4-chlorobenzenesulfonate (4Cl-BZS),4-chlorobenzenesulfonate
472,Cs0.12FA0.8MA0.08PbI1.8Br1,4-fluoroaniline,4-fluoroaniline
473,Cs0.05FA0.9MA0.05Pb(I0.95Br0.05)3,iso-butylamine iodide,iso-butylamine iodide
474,BA2PbI 4,(phenethylamino)methaniminium iodide,(phenethylamino)methaniminium iodide
475,Cs0.05FA0.85MA0.10Pb(I0.97Br0.03)3,"3,4,5-trifluoroanilinium","3,4,5-trifluoroanilinium"
476,Cs0.05FA0.9MA0.05Pb(I0.95Br0.05)3,2-thiopheneethylammonium chloride,2-thiopheneethylammonium chloride
477,MAPbI3,lead oxalate,lead oxalate
478,Cs0.15FA0.85PbI2.19Br0.81,(phenethylamino)methaniminium iodide,(phenethylamino)methaniminium iodide
479,(FAPbI3)0.95(MAPbBr3)0.05,4-tert-butyl-benzylammonium iodide,4-tert-butyl-benzylammonium iodide
480,Cs0.05(FA5/6MA1/6)0.95Pb(I0.9Br0.1)3,4-tert-butyl-benzylammonium iodide,4-tert-butyl-benzylammonium iodide
481,MAPbI3,"3,4,5-trifluoroanilinium","3,4,5-trifluoroanilinium"
482,FA0.7MA0.3Pb0.5Sn0.5I3,cyclohexylmethylammonium iodide,cyclohexylmethylammonium iodide
483,Cs 0.05 MA 0.05 FA 0.9 Pb(I 0.95 Br 0.05 ) 3,cyclohexylmethylammonium iodide,cyclohexylmethylammonium iodide
484,FA0.7MA0.3Pb0.5Sn0.5I3,Lithium Fluoride,Lithium Fluoride
485,(FAPbI 3 ) 0.87(MAPbBr3)0.13]0.92(CsPbI3)0.08,Titanium dioxide,Titanium dioxide
486,Cs0.05(MA0.05FA0.95)0.95Pb(I0.95Br0.05)3,phenylethylammonium iodide,phenylethylammonium iodide
487,MAPbI 3,4-fluoroaniline,4-fluoroaniline
488,Cs0.12FA0.8MA0.08PbI1.8Br1,4-chlorobenzenesulfonate (4Cl-BZS),4-chlorobenzenesulfonate
489,FA0.9Cs0.1Pb3,Piperazinium Diiodide,Piperazinium Diiodide
490,Cs0.12FA0.8MA0.08PbI1.8Br1,phenylethylammonium iodide,phenylethylammonium iodide
491,FA0.8MA0.2PbI 3,oleylamine,oleylamine
492,Cs 0.05 (FA0.92MA0.08)0.95Pb(I0.92Br0.08)3,4-fluoroaniline,4-fluoroaniline
493,FA0.9Cs0.1Pb3,fluorophenylethylammonium iodide,fluorophenylethylammonium iodide
494,Cs 0.05 (FA0.92MA0.08)0.95Pb(I0.92Br0.08)3,Titanium dioxide,Titanium dioxide
495,FAPbI 3,azetidinium lead iodide,azetidinium lead iodide
496,Cs0.12FA0.8MA0.08PbI1.8Br1,4-tert-butyl-benzylammonium iodide,4-tert-butyl-benzylammonium iodide
497,(FAPbI 3 ) 0.87(MAPbBr3)0.13]0.92(CsPbI3)0.08,formate,formate
498,FA0.8Cs0.2Pb(I0.7Br0.3)3,chlorophenylethylammonium iodide,chlorophenylethylammonium iodide
499,(FAPbI3)0.95(MAPbBr3)0.05,4-trifluoromethyl-phenylammonium,4-trifluoromethyl-phenylammonium
500,Cs0.05(FA5/6MA1/6)0.95Pb(I0.9Br0.1)3,4-trifluoromethyl-phenylammonium,4-trifluoromethyl-phenylammonium
501,CsPbI0.05[(FAPbI3)0.89(MAPbBr3)0.11]0.95,4-fluoroaniline,4-fluoroaniline
502,Cs0.05(MA0.05FA0.95)0.95Pb(I0.95Br0.05)3,Piperazinium Diiodide,Piperazinium Diiodide
503,Cs0.05FA0.85MA0.1PbI3,Butylammonium bromide,Butylammonium bromide
504,MAPbI 3,4-chlorobenzenesulfonate (4Cl-BZS),4-chlorobenzenesulfonate
505,Cs0.05MA0.1FA0.85PbI3,butylammonium iodide,butylammonium iodide
506,FA0.9Cs0.1Pb3,sodium thioglycolate,sodium thioglycolate
507,FA0.8Cs0.2Pb(I0.7Br0.3)3,butylammonium,butylammonium
508,Cs 0.05(FA0.95MA0.05)0.95Pb(I0.95Br0.05)3,butylammonium iodide,butylammonium iodide
509,Cs0.05(MA0.05FA0.95)0.95Pb(I0.95Br0.05)3,fluorophenylethylammonium iodide,fluorophenylethylammonium iodide
510,Cs0.05(FA5/6MA1/6)0.95Pb(I0.85Br0.15 )3,2-thiopheneethylammonium chloride,2-thiopheneethylammonium chloride
511,(FAPbI 3 ) 0.87(MAPbBr3)0.13]0.92(CsPbI3)0.08,phenethylammonium iodide,phenethylammonium iodide
512,Cs 0.05 (FA0.92MA0.08)0.95Pb(I0.92Br0.08)3,4-chlorobenzenesulfonate (4Cl-BZS),4-chlorobenzenesulfonate
513,Cs0.05(MA0.17FA0.83)0.95Pb(I0.83Br0.17)3,butylammonium iodide,butylammonium iodide
514,FAPbI 3,Lithium Fluoride,Lithium Fluoride
515,FAPbI3,Titanium dioxide,Titanium dioxide
516,(FAPbI3)0.77(MAPbBr3)0.14(CsPbI3)0.09,butylammonium iodide,butylammonium iodide
517,MAPbI 3,4-tert-butyl-benzylammonium iodide,4-tert-butyl-benzylammonium iodide
518,(FAPbI3)0.95(MAPbBr3)0.05,butylammonium bromide,butylammonium bromide
519,Cs0.05(FA5/6MA1/6)0.95Pb(I0.9Br0.1)3,butylammonium bromide,butylammonium bromide
520,Cs0.12FA0.8MA0.08PbI1.8Br1,4-trifluoromethyl-phenylammonium,4-trifluoromethyl-phenylammonium
521,Cs 0.05 (FA0.92MA0.08)0.95Pb(I0.92Br0.08)3,phenethylammonium iodide,phenethylammonium iodide
522,Cs0.05(MA0.05FA0.95)0.95Pb(I0.95Br0.05)3,sodium thioglycolate,sodium thioglycolate
523,CsPbI0.05[(FAPbI3)0.89(MAPbBr3)0.11]0.95,4-chlorobenzenesulfonate (4Cl-BZS),4-chlorobenzenesulfonate
524,MAPbI3,Piperazinium Diiodide,Piperazinium Diiodide
525,FAPbI 3,3-(aminomethyl)pyridine,3-(aminomethyl)pyridine
526,Cs0.05FA0.85MA0.10Pb(I0.97Br0.03)3,Titanium dioxide,Titanium dioxide
527,BA2PbI 4,4-fluoroaniline,4-fluoroaniline
528,Cs0.05MA0.1FA0.85PbI2.7Br0.3,butylammonium iodide,butylammonium iodide
529,Cs0.05MA0.1FA0.85PbI3,2-thiophenemethylammonium bromide,2-thiophenemethylammonium bromide
530,CsPbI0.05[(FAPbI3)0.89(MAPbBr3)0.11]0.95,phenylethylammonium iodide,phenylethylammonium iodide
531,MAPbI3,fluorophenylethylammonium iodide,fluorophenylethylammonium iodide
532,Cs 0.05(FA0.95MA0.05)0.95Pb(I0.95Br0.05)3,2-thiophenemethylammonium bromide,2-thiophenemethylammonium bromide
533,Cs0.05FA0.85MA0.1PbI3,2-thiopheneethylammonium chloride,2-thiopheneethylammonium chloride
534,FA0.8Cs0.2Pb(I0.7Br0.3)3,ortho-carborane,ortho-carborane
535,CsPbI0.05[(FAPbI3)0.89(MAPbBr3)0.11]0.95,4-tert-butyl-benzylammonium iodide,4-tert-butyl-benzylammonium iodide
536,Cs0.05(MA0.17FA0.83)0.95Pb(I0.83Br0.17)3,2-thiophenemethylammonium bromide,2-thiophenemethylammonium bromide
537,Cs0.05FA0.9MA0.05Pb(I0.95Br0.05)3,4-fluoroaniline,4-fluoroaniline
538,Cs0.05FA0.85MA0.10Pb(I0.97Br0.03)3,formate,formate
539,Cs0.15FA0.85PbI2.19Br0.81,Titanium dioxide,Titanium dioxide
540,(FAPbI3)0.77(MAPbBr3)0.14(CsPbI3)0.09,2-thiophenemethylammonium bromide,2-thiophenemethylammonium bromide
541,Cs0.12FA0.8MA0.08PbI1.8Br1,butylammonium bromide,butylammonium bromide
542,MAPbI 3,4-trifluoromethyl-phenylammonium,4-trifluoromethyl-phenylammonium
543,FA0.9Cs0.1Pb3,azetidinium lead iodide,azetidinium lead iodide
544,FAPbI3,phenethylammonium iodide,phenethylammonium iodide
545,MAPbI3,sodium thioglycolate,sodium thioglycolate
546,(FAPbI 3 ) 0.87(MAPbBr3)0.13]0.92(CsPbI3)0.08,cyclohexylmethylammonium iodide,cyclohexylmethylammonium iodide
547,Cs 0.05 (FA0.92MA0.08)0.95Pb(I0.92Br0.08)3,4-trifluoromethyl-phenylammonium,4-trifluoromethyl-phenylammonium
548,Cs0.05(FA5/6MA1/6)0.95Pb(I0.85Br0.15 )3,tri-octyl phosphine oxide,tri-octyl phosphine oxide
549,BA2PbI 4,4-chlorobenzenesulfonate (4Cl-BZS),4-chlorobenzenesulfonate
550,Cs0.05MA0.1FA0.85PbI3,tri-octyl phosphine oxide,tri-octyl phosphine oxide
551,(MA0.14FA0.81Cs0.05)9-Pb10(I0.85Br0.15),chlorophenylethylammonium iodide,chlorophenylethylammonium iodide
552,FA0.8Cs0.2Pb(I0.7Br0.3)3,oleylammonium iodide,oleylammonium iodide
553,Cs0.05MA0.1FA0.85PbI2.7Br0.3,2-thiophenemethylammonium bromide,2-thiophenemethylammonium bromide
554,Cs0.05FA0.85MA0.10Pb(I0.97Br0.03)3,phenethylammonium iodide,phenethylammonium iodide
555,Cs0.05MA0.1FA0.85PbI3,PCBM,PCBM
556,FA0.8Cs0.2Pb(I0.7Br0.3)3,iso-butylamine iodide,iso-butylamine iodide
557,Cs 0.05 (FA0.92MA0.08)0.95Pb(I0.92Br0.08)3,cyclohexylmethylammonium iodide,cyclohexylmethylammonium iodide
558,Cs0.05FA0.9MA0.05Pb(I0.95Br0.05)3,4-chlorobenzenesulfonate (4Cl-BZS),4-chlorobenzenesulfonate
559,Cs 0.05(FA0.95MA0.05)0.95Pb(I0.95Br0.05)3,PCBM,PCBM
560,Cs0.05(MA0.05FA0.95)0.95Pb(I0.95Br0.05)3,azetidinium lead iodide,azetidinium lead iodide
561,MAPbI 3,butylammonium bromide,butylammonium bromide
562,FA0.8MA0.2PbI 3,chlorophenylethylammonium iodide,chlorophenylethylammonium iodide
563,BA2PbI 4,4-tert-butyl-benzylammonium iodide,4-tert-butyl-benzylammonium iodide
564,FAPbI 3,oleylamine,oleylamine
565,CsPbI0.05[(FAPbI3)0.89(MAPbBr3)0.11]0.95,4-trifluoromethyl-phenylammonium,4-trifluoromethyl-phenylammonium
566,FA0.9Cs0.1Pb3,Lithium Fluoride,Lithium Fluoride
567,Rb0.05Cs0.05MA0.05FA0.85Pb(I0.95Br0.05)3,butylammonium,butylammonium
568,Cs0.05FA0.9MA0.05Pb(I0.95Br0.05)3,phenylethylammonium iodide,phenylethylammonium iodide
569,(FAPbI3)0.77(MAPbBr3)0.14(CsPbI3)0.09,tri-octyl phosphine oxide,tri-octyl phosphine oxide
570,(FAPbI3)0.77(MAPbBr3)0.14(CsPbI3)0.09,PCBM,PCBM
571,Cs0.05(MA0.17FA0.83)0.95Pb(I0.83Br0.17)3,PCBM,PCBM
572,FA0.8Cs0.2Pb(I0.7Br0.3)3,(phenethylamino)methaniminium iodide,(phenethylamino)methaniminium iodide
573,Cs0.15FA0.85PbI2.19Br0.81,phenethylammonium iodide,phenethylammonium iodide
574,Cs0.05FA0.9MA0.05Pb(I0.95Br0.05)3,4-tert-butyl-benzylammonium iodide,4-tert-butyl-benzylammonium iodide
575,FA0.9Cs0.1Pb3,lead iodide,lead iodide
576,FA0.8MA0.2PbI 3,butylammonium,butylammonium
577,Cs0.05FA0.85MA0.1PbI3,tri-octyl phosphine oxide,tri-octyl phosphine oxide
578,Cs0.05(FA5/6MA1/6)0.95Pb(I0.85Br0.15 )3,lead oxalate,lead oxalate
579,FA0.9Cs0.1Pb3,3-(aminomethyl)pyridine,3-(aminomethyl)pyridine
580,Cs0.05(FA5/6MA1/6)0.95Pb(I0.85Br0.15 )3,"3,4,5-trifluoroanilinium","3,4,5-trifluoroanilinium"
581,FAPbI3,cyclohexylmethylammonium iodide,cyclohexylmethylammonium iodide
582,Cs0.05MA0.1FA0.85PbI2.7Br0.3,PCBM,PCBM
583,CsPbI0.05[(FAPbI3)0.89(MAPbBr3)0.11]0.95,butylammonium bromide,butylammonium bromide
584,Cs0.05MA0.1FA0.85PbI3,"3,4,5-trifluoroanilinium","3,4,5-trifluoroanilinium"
585,MAPbI3,azetidinium lead iodide,azetidinium lead iodide
586,Cs 0.05(FA0.95MA0.05)0.95Pb(I0.95Br0.05)3,"3,4,5-trifluoroanilinium","3,4,5-trifluoroanilinium"
587,Cs0.05FA0.9MA0.05Pb(I0.95Br0.05)3,Piperazinium Diiodide,Piperazinium Diiodide
588,(FAPbI3)0.77(MAPbBr3)0.14(CsPbI3)0.09,lead oxalate,lead oxalate
589,Cs0.05(MA0.17FA0.83)0.95Pb(I0.83Br0.17)3,"3,4,5-trifluoroanilinium","3,4,5-trifluoroanilinium"
590,BA2PbI 4,4-trifluoromethyl-phenylammonium,4-trifluoromethyl-phenylammonium
591,Cs0.05(MA0.05FA0.95)0.95Pb(I0.95Br0.05)3,lead iodide,lead iodide
592,Rb0.05Cs0.05MA0.05FA0.85Pb(I0.95Br0.05)3,Butylammonium bromide,Butylammonium bromide
593,(MA0.14FA0.81Cs0.05)9-Pb10(I0.85Br0.15),Butylammonium bromide,Butylammonium bromide
594,(FAPbI3)0.77(MAPbBr3)0.14(CsPbI3)0.09,"3,4,5-trifluoroanilinium","3,4,5-trifluoroanilinium"
595,Cs0.05FA0.85MA0.10Pb(I0.97Br0.03)3,cyclohexylmethylammonium iodide,cyclohexylmethylammonium iodide
596,Rb0.05Cs0.05MA0.05FA0.85Pb(I0.95Br0.05)3,ortho-carborane,ortho-carborane
597,(MA0.14FA0.81Cs0.05)9-Pb10(I0.85Br0.15),ortho-carborane,ortho-carborane
598,FA0.9Cs0.1Pb3,4-fluorophenylethylammonium iodide,4-fluorophenylethylammonium iodide
599,Cs0.05(MA0.05FA0.95)0.95Pb(I0.95Br0.05)3,3-(aminomethyl)pyridine,3-(aminomethyl)pyridine
600,Cs0.05FA0.85MA0.10Pb(I0.97Br0.03)3,Lithium Fluoride,Lithium Fluoride
601,Cs0.05FA0.9MA0.05Pb(I0.95Br0.05)3,4-trifluoromethyl-phenylammonium,4-trifluoromethyl-phenylammonium
602,Cs0.05FA0.85MA0.1PbI3,lead oxalate,lead oxalate
603,FA0.8MA0.2PbI 3,ortho-carborane,ortho-carborane
604,Cs 0.05 MA 0.05 FA 0.9 Pb(I 0.95 Br 0.05 ) 3,chlorophenylethylammonium iodide,chlorophenylethylammonium iodide
605,MAPbI3,Lithium Fluoride,Lithium Fluoride
606,FA0.7MA0.3Pb0.5Sn0.5I3,chlorophenylethylammonium iodide,chlorophenylethylammonium iodide
607,Cs0.15FA0.85PbI2.19Br0.81,cyclohexylmethylammonium iodide,cyclohexylmethylammonium iodide
608,Cs0.05MA0.1FA0.85PbI2.7Br0.3,"3,4,5-trifluoroanilinium","3,4,5-trifluoroanilinium"
609,Cs0.05(FA5/6MA1/6)0.95Pb(I0.85Br0.15 )3,phenylethylammonium iodide,phenylethylammonium iodide
610,BA2PbI 4,butylammonium bromide,butylammonium bromide
611,Rb0.05Cs0.05MA0.05FA0.85Pb(I0.95Br0.05)3,oleylammonium iodide,oleylammonium iodide
612,(MA0.14FA0.81Cs0.05)9-Pb10(I0.85Br0.15),oleylammonium iodide,oleylammonium iodide
613,MAPbI3,lead iodide,lead iodide
614,FA0.9Cs0.1Pb3,oleylamine,oleylamine
615,Cs0.05(MA0.05FA0.95)0.95Pb(I0.95Br0.05)3,4-fluorophenylethylammonium iodide,4-fluorophenylethylammonium iodide
616,FA0.7MA0.3Pb0.5Sn0.5I3,butylammonium,butylammonium
617,Cs 0.05 MA 0.05 FA 0.9 Pb(I 0.95 Br 0.05 ) 3,butylammonium,butylammonium
618,MAPbI3,3-(aminomethyl)pyridine,3-(aminomethyl)pyridine
619,Rb0.05Cs0.05MA0.05FA0.85Pb(I0.95Br0.05)3,iso-butylamine iodide,iso-butylamine iodide
620,(MA0.14FA0.81Cs0.05)9-Pb10(I0.85Br0.15),iso-butylamine iodide,iso-butylamine iodide
621,Cs0.05FA0.9MA0.05Pb(I0.95Br0.05)3,butylammonium bromide,butylammonium bromide
622,Rb0.05Cs0.05MA0.05FA0.85Pb(I0.95Br0.05)3,2-thiopheneethylammonium chloride,2-thiopheneethylammonium chloride
623,FA0.8MA0.2PbI 3,iso-butylamine iodide,iso-butylamine iodide
624,(MA0.14FA0.81Cs0.05)9-Pb10(I0.85Br0.15),(phenethylamino)methaniminium iodide,(phenethylamino)methaniminium iodide
625,Cs0.05(MA0.05FA0.95)0.95Pb(I0.95Br0.05)3,n-hexyl trimethyl ammonium bromide,n-hexyl trimethyl ammonium bromide
626,Cs0.05(FA5/6MA1/6)0.95Pb(I0.85Br0.15 )3,Piperazinium Diiodide,Piperazinium Diiodide
627,Cs0.05(MA0.05FA0.95)0.95Pb(I0.95Br0.05)3,oleylamine,oleylamine
628,Cs0.05FA0.85MA0.1PbI3,phenylethylammonium iodide,phenylethylammonium iodide
629,MAPbI3,4-fluorophenylethylammonium iodide,4-fluorophenylethylammonium iodide
630,FA0.8Cs0.2Pb(I0.7Br0.3)3,4-fluoroaniline,4-fluoroaniline
631,FA0.8MA0.2PbI 3,(phenethylamino)methaniminium iodide,(phenethylamino)methaniminium iodide
632,FAPbI 3,chlorophenylethylammonium iodide,chlorophenylethylammonium iodide
633,Cs0.12FA0.8MA0.08PbI1.8Br1,n-hexyl trimethyl ammonium bromide,n-hexyl trimethyl ammonium bromide
634,Cs0.05(FA5/6MA1/6)0.95Pb(I0.85Br0.15 )3,fluorophenylethylammonium iodide,fluorophenylethylammonium iodide
635,Cs 0.05 MA 0.05 FA 0.9 Pb(I 0.95 Br 0.05 ) 3,Butylammonium bromide,Butylammonium bromide
636,FA0.7MA0.3Pb0.5Sn0.5I3,ortho-carborane,ortho-carborane
637,Cs 0.05 MA 0.05 FA 0.9 Pb(I 0.95 Br 0.05 ) 3,ortho-carborane,ortho-carborane
638,Cs 0.05(FA0.95MA0.05)0.95Pb(I0.95Br0.05)3,Titanium dioxide,Titanium dioxide
639,Cs0.05(MA0.17FA0.83)0.95Pb(I0.83Br0.17)3,Titanium dioxide,Titanium dioxide
640,Cs0.05(FA5/6MA1/6)0.95Pb(I0.85Br0.15 )3,sodium thioglycolate,sodium thioglycolate
641,MAPbI3,oleylamine,oleylamine
642,Cs0.05FA0.85MA0.1PbI3,Piperazinium Diiodide,Piperazinium Diiodide
643,Cs0.05MA0.1FA0.85PbI3,formate,formate
644,FA0.8Cs0.2Pb(I0.7Br0.3)3,4-chlorobenzenesulfonate (4Cl-BZS),4-chlorobenzenesulfonate
645,MAPbI 3,n-hexyl trimethyl ammonium bromide,n-hexyl trimethyl ammonium bromide
646,Cs 0.05(FA0.95MA0.05)0.95Pb(I0.95Br0.05)3,formate,formate
647,Cs0.05FA0.85MA0.1PbI3,fluorophenylethylammonium iodide,fluorophenylethylammonium iodide
648,FA0.8Cs0.2Pb(I0.7Br0.3)3,phenylethylammonium iodide,phenylethylammonium iodide
649,Cs 0.05 MA 0.05 FA 0.9 Pb(I 0.95 Br 0.05 ) 3,oleylammonium iodide,oleylammonium iodide
650,Cs0.05(MA0.17FA0.83)0.95Pb(I0.83Br0.17)3,formate,formate
651,FA0.7MA0.3Pb0.5Sn0.5I3,oleylammonium iodide,oleylammonium iodide
652,(FAPbI3)0.77(MAPbBr3)0.14(CsPbI3)0.09,formate,formate
653,Cs0.05MA0.1FA0.85PbI2.7Br0.3,Titanium dioxide,Titanium dioxide
654,Cs 0.05 MA 0.05 FA 0.9 Pb(I 0.95 Br 0.05 ) 3,iso-butylamine iodide,iso-butylamine iodide
655,FA0.7MA0.3Pb0.5Sn0.5I3,iso-butylamine iodide,iso-butylamine iodide
656,FA0.8Cs0.2Pb(I0.7Br0.3)3,4-tert-butyl-benzylammonium iodide,4-tert-butyl-benzylammonium iodide
657,(FAPbI 3 ) 0.87(MAPbBr3)0.13]0.92(CsPbI3)0.08,chlorophenylethylammonium iodide,chlorophenylethylammonium iodide
658,Cs 0.05 MA 0.05 FA 0.9 Pb(I 0.95 Br 0.05 ) 3,2-thiopheneethylammonium chloride,2-thiopheneethylammonium chloride
659,Cs 0.05(FA0.95MA0.05)0.95Pb(I0.95Br0.05)3,phenethylammonium iodide,phenethylammonium iodide
660,Cs0.05FA0.85MA0.1PbI3,sodium thioglycolate,sodium thioglycolate
661,FA0.7MA0.3Pb0.5Sn0.5I3,(phenethylamino)methaniminium iodide,(phenethylamino)methaniminium iodide
662,CsPbI0.05[(FAPbI3)0.89(MAPbBr3)0.11]0.95,n-hexyl trimethyl ammonium bromide,n-hexyl trimethyl ammonium bromide
663,Cs0.05(MA0.17FA0.83)0.95Pb(I0.83Br0.17)3,phenethylammonium iodide,phenethylammonium iodide
664,Cs0.05MA0.1FA0.85PbI2.7Br0.3,formate,formate
665,(FAPbI 3 ) 0.87(MAPbBr3)0.13]0.92(CsPbI3)0.08,butylammonium,butylammonium
666,Cs0.05(FA5/6MA1/6)0.95Pb(I0.85Br0.15 )3,azetidinium lead iodide,azetidinium lead iodide
667,Cs0.05MA0.1FA0.85PbI3,azetidinium lead iodide,azetidinium lead iodide
668,FA0.9Cs0.1Pb3,butylammonium iodide,butylammonium iodide
669,Rb0.05Cs0.05MA0.05FA0.85Pb(I0.95Br0.05)3,4-fluoroaniline,4-fluoroaniline
670,(MA0.14FA0.81Cs0.05)9-Pb10(I0.85Br0.15),4-fluoroaniline,4-fluoroaniline
671,FA0.8Cs0.2Pb(I0.7Br0.3)3,4-trifluoromethyl-phenylammonium,4-trifluoromethyl-phenylammonium
672,Cs 0.05 (FA0.92MA0.08)0.95Pb(I0.92Br0.08)3,butylammonium,butylammonium
673,Cs0.05MA0.1FA0.85PbI2.7Br0.3,phenethylammonium iodide,phenethylammonium iodide
674,(FAPbI3)0.77(MAPbBr3)0.14(CsPbI3)0.09,azetidinium lead iodide,azetidinium lead iodide
675,(FAPbI3)0.95(MAPbBr3)0.05,2-thiopheneethylammonium chloride,2-thiopheneethylammonium chloride
676,Cs0.05(FA5/6MA1/6)0.95Pb(I0.9Br0.1)3,2-thiopheneethylammonium chloride,2-thiopheneethylammonium chloride
677,FA0.8MA0.2PbI 3,4-fluoroaniline,4-fluoroaniline
678,FAPbI3,chlorophenylethylammonium iodide,chlorophenylethylammonium iodide
679,Cs0.05(FA5/6MA1/6)0.95Pb(I0.85Br0.15 )3,Lithium Fluoride,Lithium Fluoride
680,FAPbI 3,(phenethylamino)methaniminium iodide,(phenethylamino)methaniminium iodide
681,Cs0.05(MA0.05FA0.95)0.95Pb(I0.95Br0.05)3,butylammonium iodide,butylammonium iodide
682,Cs0.05MA0.1FA0.85PbI3,Lithium Fluoride,Lithium Fluoride
683,(FAPbI 3 ) 0.87(MAPbBr3)0.13]0.92(CsPbI3)0.08,Butylammonium bromide,Butylammonium bromide
684,Cs 0.05(FA0.95MA0.05)0.95Pb(I0.95Br0.05)3,cyclohexylmethylammonium iodide,cyclohexylmethylammonium iodide
685,Cs0.05FA0.85MA0.1PbI3,azetidinium lead iodide,azetidinium lead iodide
686,(FAPbI 3 ) 0.87(MAPbBr3)0.13]0.92(CsPbI3)0.08,ortho-carborane,ortho-carborane
687,Cs0.05FA0.9MA0.05Pb(I0.95Br0.05)3,n-hexyl trimethyl ammonium bromide,n-hexyl trimethyl ammonium bromide
688,FA0.8Cs0.2Pb(I0.7Br0.3)3,butylammonium bromide,butylammonium bromide
689,Cs0.05(MA0.17FA0.83)0.95Pb(I0.83Br0.17)3,cyclohexylmethylammonium iodide,cyclohexylmethylammonium iodide
690,Rb0.05Cs0.05MA0.05FA0.85Pb(I0.95Br0.05)3,4-chlorobenzenesulfonate (4Cl-BZS),4-chlorobenzenesulfonate
691,(MA0.14FA0.81Cs0.05)9-Pb10(I0.85Br0.15),4-chlorobenzenesulfonate (4Cl-BZS),4-chlorobenzenesulfonate
692,Cs0.05FA0.85MA0.10Pb(I0.97Br0.03)3,chlorophenylethylammonium iodide,chlorophenylethylammonium iodide
693,FAPbI3,butylammonium,butylammonium
694,Cs0.05(FA5/6MA1/6)0.95Pb(I0.85Br0.15 )3,lead iodide,lead iodide
695,(FAPbI3)0.77(MAPbBr3)0.14(CsPbI3)0.09,Lithium Fluoride,Lithium Fluoride
696,Rb0.05Cs0.05MA0.05FA0.85Pb(I0.95Br0.05)3,phenylethylammonium iodide,phenylethylammonium iodide
697,Cs0.05MA0.1FA0.85PbI3,lead iodide,lead iodide
698,Cs0.05(FA5/6MA1/6)0.95Pb(I0.85Br0.15 )3,3-(aminomethyl)pyridine,3-(aminomethyl)pyridine
699,Cs 0.05 (FA0.92MA0.08)0.95Pb(I0.92Br0.08)3,Butylammonium bromide,Butylammonium bromide
700,Cs0.05MA0.1FA0.85PbI3,3-(aminomethyl)pyridine,3-(aminomethyl)pyridine
701,FA0.8MA0.2PbI 3,4-chlorobenzenesulfonate (4Cl-BZS),4-chlorobenzenesulfonate
702,Cs 0.05 (FA0.92MA0.08)0.95Pb(I0.92Br0.08)3,ortho-carborane,ortho-carborane
703,Rb0.05Cs0.05MA0.05FA0.85Pb(I0.95Br0.05)3,4-tert-butyl-benzylammonium iodide,4-tert-butyl-benzylammonium iodide
704,(MA0.14FA0.81Cs0.05)9-Pb10(I0.85Br0.15),4-tert-butyl-benzylammonium iodide,4-tert-butyl-benzylammonium iodide
705,Cs0.05FA0.85MA0.10Pb(I0.97Br0.03)3,butylammonium,butylammonium
706,(FAPbI3)0.77(MAPbBr3)0.14(CsPbI3)0.09,lead iodide,lead iodide
707,Cs0.15FA0.85PbI2.19Br0.81,chlorophenylethylammonium iodide,chlorophenylethylammonium iodide
708,(FAPbI 3 ) 0.87(MAPbBr3)0.13]0.92(CsPbI3)0.08,oleylammonium iodide,oleylammonium iodide
709,MAPbI3,butylammonium iodide,butylammonium iodide
710,Cs0.05MA0.1FA0.85PbI2.7Br0.3,cyclohexylmethylammonium iodide,cyclohexylmethylammonium iodide
711,(FAPbI3)0.77(MAPbBr3)0.14(CsPbI3)0.09,3-(aminomethyl)pyridine,3-(aminomethyl)pyridine
712,FA0.8MA0.2PbI 3,4-tert-butyl-benzylammonium iodide,4-tert-butyl-benzylammonium iodide
713,(FAPbI 3 ) 0.87(MAPbBr3)0.13]0.92(CsPbI3)0.08,iso-butylamine iodide,iso-butylamine iodide
714,Cs0.05(MA0.05FA0.95)0.95Pb(I0.95Br0.05)3,2-thiophenemethylammonium bromide,2-thiophenemethylammonium bromide
715,Cs0.05(FA5/6MA1/6)0.95Pb(I0.85Br0.15 )3,4-fluorophenylethylammonium iodide,4-fluorophenylethylammonium iodide
716,(FAPbI3)0.95(MAPbBr3)0.05,tri-octyl phosphine oxide,tri-octyl phosphine oxide
717,(FAPbI 3 ) 0.87(MAPbBr3)0.13]0.92(CsPbI3)0.08,2-thiopheneethylammonium chloride,2-thiopheneethylammonium chloride
718,Cs0.05(FA5/6MA1/6)0.95Pb(I0.9Br0.1)3,tri-octyl phosphine oxide,tri-octyl phosphine oxide
719,Cs0.12FA0.8MA0.08PbI1.8Br1,2-thiophenemethylammonium bromide,2-thiophenemethylammonium bromide
720,Cs0.05FA0.85MA0.1PbI3,lead iodide,lead iodide
721,Cs0.15FA0.85PbI2.19Br0.81,butylammonium,butylammonium
722,Cs 0.05 MA 0.05 FA 0.9 Pb(I 0.95 Br 0.05 ) 3,4-fluoroaniline,4-fluoroaniline
723,Rb0.05Cs0.05MA0.05FA0.85Pb(I0.95Br0.05)3,Piperazinium Diiodide,Piperazinium Diiodide
724,Cs 0.05 (FA0.92MA0.08)0.95Pb(I0.92Br0.08)3,oleylammonium iodide,oleylammonium iodide
725,FAPbI3,Butylammonium bromide,Butylammonium bromide
726,Cs0.05FA0.85MA0.1PbI3,3-(aminomethyl)pyridine,3-(aminomethyl)pyridine
727,FA0.7MA0.3Pb0.5Sn0.5I3,4-fluoroaniline,4-fluoroaniline
728,FAPbI3,ortho-carborane,ortho-carborane
729,Rb0.05Cs0.05MA0.05FA0.85Pb(I0.95Br0.05)3,fluorophenylethylammonium iodide,fluorophenylethylammonium iodide
730,Rb0.05Cs0.05MA0.05FA0.85Pb(I0.95Br0.05)3,4-trifluoromethyl-phenylammonium,4-trifluoromethyl-phenylammonium
731,(MA0.14FA0.81Cs0.05)9-Pb10(I0.85Br0.15),4-trifluoromethyl-phenylammonium,4-trifluoromethyl-phenylammonium
732,Cs 0.05 (FA0.92MA0.08)0.95Pb(I0.92Br0.08)3,2-thiopheneethylammonium chloride,2-thiopheneethylammonium chloride
733,Cs0.05FA0.85MA0.10Pb(I0.97Br0.03)3,ortho-carborane,ortho-carborane
734,Cs0.05(FA5/6MA1/6)0.95Pb(I0.85Br0.15 )3,oleylamine,oleylamine
735,Cs0.05MA0.1FA0.85PbI3,oleylamine,oleylamine
736,FA0.8MA0.2PbI 3,4-trifluoromethyl-phenylammonium,4-trifluoromethyl-phenylammonium
737,Cs0.05(MA0.05FA0.95)0.95Pb(I0.95Br0.05)3,PCBM,PCBM
738,BA2PbI 4,Butylammonium bromide,Butylammonium bromide
739,Cs0.05FA0.85MA0.1PbI3,4-fluorophenylethylammonium iodide,4-fluorophenylethylammonium iodide
740,MAPbI 3,2-thiophenemethylammonium bromide,2-thiophenemethylammonium bromide
741,Cs0.12FA0.8MA0.08PbI1.8Br1,tri-octyl phosphine oxide,tri-octyl phosphine oxide
742,Rb0.05Cs0.05MA0.05FA0.85Pb(I0.95Br0.05)3,sodium thioglycolate,sodium thioglycolate
743,Cs 0.05 MA 0.05 FA 0.9 Pb(I 0.95 Br 0.05 ) 3,4-chlorobenzenesulfonate (4Cl-BZS),4-chlorobenzenesulfonate
744,Cs0.05(FA5/6MA1/6)0.95Pb(I0.9Br0.1)3,lead oxalate,lead oxalate
745,CsPbI0.05[(FAPbI3)0.89(MAPbBr3)0.11]0.95,2-thiopheneethylammonium chloride,2-thiopheneethylammonium chloride
746,(FAPbI3)0.95(MAPbBr3)0.05,lead oxalate,lead oxalate
747,FAPbI3,oleylammonium iodide,oleylammonium iodide
748,FA0.7MA0.3Pb0.5Sn0.5I3,4-chlorobenzenesulfonate (4Cl-BZS),4-chlorobenzenesulfonate
749,Cs0.12FA0.8MA0.08PbI1.8Br1,PCBM,PCBM
750,Cs0.15FA0.85PbI2.19Br0.81,Butylammonium bromide,Butylammonium bromide
751,Cs 0.05 MA 0.05 FA 0.9 Pb(I 0.95 Br 0.05 ) 3,phenylethylammonium iodide,phenylethylammonium iodide
752,FAPbI3,iso-butylamine iodide,iso-butylamine iodide
753,FA0.8MA0.2PbI 3,cyclohexylmethylammonium iodide,cyclohexylmethylammonium iodide
754,Cs0.15FA0.85PbI2.19Br0.81,ortho-carborane,ortho-carborane
755,Cs0.05(FA5/6MA1/6)0.95Pb(I0.9Br0.1)3,"3,4,5-trifluoroanilinium","3,4,5-trifluoroanilinium"
756,Rb0.05Cs0.05MA0.05FA0.85Pb(I0.95Br0.05)3,butylammonium bromide,butylammonium bromide
757,(MA0.14FA0.81Cs0.05)9-Pb10(I0.85Br0.15),butylammonium bromide,butylammonium bromide
758,(FAPbI3)0.77(MAPbBr3)0.14(CsPbI3)0.09,oleylamine,oleylamine
759,FAPbI3,2-thiopheneethylammonium chloride,2-thiopheneethylammonium chloride
760,FAPbI 3,4-fluoroaniline,4-fluoroaniline
761,Cs 0.05 MA 0.05 FA 0.9 Pb(I 0.95 Br 0.05 ) 3,4-tert-butyl-benzylammonium iodide,4-tert-butyl-benzylammonium iodide
762,Cs0.05FA0.85MA0.10Pb(I0.97Br0.03)3,oleylammonium iodide,oleylammonium iodide
763,FA0.7MA0.3Pb0.5Sn0.5I3,4-tert-butyl-benzylammonium iodide,4-tert-butyl-benzylammonium iodide
764,Cs0.05FA0.85MA0.10Pb(I0.97Br0.03)3,iso-butylamine iodide,iso-butylamine iodide
765,Cs0.05FA0.85MA0.1PbI3,n-hexyl trimethyl ammonium bromide,n-hexyl trimethyl ammonium bromide
766,FA0.8MA0.2PbI 3,butylammonium bromide,butylammonium bromide
767,Cs0.05FA0.85MA0.1PbI3,oleylamine,oleylamine
768,MAPbI 3,tri-octyl phosphine oxide,tri-octyl phosphine oxide
769,Cs0.05(MA0.05FA0.95)0.95Pb(I0.95Br0.05)3,"3,4,5-trifluoroanilinium","3,4,5-trifluoroanilinium"
770,Cs0.12FA0.8MA0.08PbI1.8Br1,lead oxalate,lead oxalate
771,Cs0.15FA0.85PbI2.19Br0.81,oleylammonium iodide,oleylammonium iodide
772,Cs0.05FA0.85MA0.10Pb(I0.97Br0.03)3,(phenethylamino)methaniminium iodide,(phenethylamino)methaniminium iodide
773,Cs 0.05 MA 0.05 FA 0.9 Pb(I 0.95 Br 0.05 ) 3,Piperazinium Diiodide,Piperazinium Diiodide
774,Cs0.05FA0.9MA0.05Pb(I0.95Br0.05)3,butylammonium iodide,butylammonium iodide
775,BA2PbI 4,2-thiopheneethylammonium chloride,2-thiopheneethylammonium chloride
776,Cs0.15FA0.85PbI2.19Br0.81,iso-butylamine iodide,iso-butylamine iodide
777,Cs0.12FA0.8MA0.08PbI1.8Br1,"3,4,5-trifluoroanilinium","3,4,5-trifluoroanilinium"
778,(FAPbI3)0.95(MAPbBr3)0.05,phenylethylammonium iodide,phenylethylammonium iodide
779,Cs 0.05 MA 0.05 FA 0.9 Pb(I 0.95 Br 0.05 ) 3,fluorophenylethylammonium iodide,fluorophenylethylammonium iodide
780,FAPbI 3,4-chlorobenzenesulfonate (4Cl-BZS),4-chlorobenzenesulfonate
781,Cs0.05(FA5/6MA1/6)0.95Pb(I0.9Br0.1)3,phenylethylammonium iodide,phenylethylammonium iodide
782,Cs0.15FA0.85PbI2.19Br0.81,2-thiopheneethylammonium chloride,2-thiopheneethylammonium chloride
783,Cs 0.05 MA 0.05 FA 0.9 Pb(I 0.95 Br 0.05 ) 3,4-trifluoromethyl-phenylammonium,4-trifluoromethyl-phenylammonium
784,CsPbI0.05[(FAPbI3)0.89(MAPbBr3)0.11]0.95,tri-octyl phosphine oxide,tri-octyl phosphine oxide
785,FAPbI 3,phenethylammonium iodide,phenethylammonium iodide
786,MAPbI 3,lead oxalate,lead oxalate
787,FA0.8Cs0.2Pb(I0.7Br0.3)3,n-hexyl trimethyl ammonium bromide,n-hexyl trimethyl ammonium bromide
788,(FAPbI 3 ) 0.87(MAPbBr3)0.13]0.92(CsPbI3)0.08,4-fluoroaniline,4-fluoroaniline
789,MAPbI 3,"3,4,5-trifluoroanilinium","3,4,5-trifluoroanilinium"
790,Cs0.05FA0.9MA0.05Pb(I0.95Br0.05)3,2-thiophenemethylammonium bromide,2-thiophenemethylammonium bromide
791,(FAPbI3)0.95(MAPbBr3)0.05,Piperazinium Diiodide,Piperazinium Diiodide
792,Cs0.05(FA5/6MA1/6)0.95Pb(I0.9Br0.1)3,Piperazinium Diiodide,Piperazinium Diiodide
793,FA0.7MA0.3Pb0.5Sn0.5I3,butylammonium bromide,butylammonium bromide
794,Cs 0.05 MA 0.05 FA 0.9 Pb(I 0.95 Br 0.05 ) 3,butylammonium bromide,butylammonium bromide
795,(FAPbI3)0.95(MAPbBr3)0.05,fluorophenylethylammonium iodide,fluorophenylethylammonium iodide
796,FA0.9Cs0.1Pb3,Titanium dioxide,Titanium dioxide
797,CsPbI0.05[(FAPbI3)0.89(MAPbBr3)0.11]0.95,lead oxalate,lead oxalate
798,BA2PbI 4,tri-octyl phosphine oxide,tri-octyl phosphine oxide
799,Cs0.05MA0.1FA0.85PbI3,chlorophenylethylammonium iodide,chlorophenylethylammonium iodide
800,(FAPbI 3 ) 0.87(MAPbBr3)0.13]0.92(CsPbI3)0.08,4-chlorobenzenesulfonate (4Cl-BZS),4-chlorobenzenesulfonate
801,Cs 0.05(FA0.95MA0.05)0.95Pb(I0.95Br0.05)3,chlorophenylethylammonium iodide,chlorophenylethylammonium iodide
802,CsPbI0.05[(FAPbI3)0.89(MAPbBr3)0.11]0.95,"3,4,5-trifluoroanilinium","3,4,5-trifluoroanilinium"
803,Cs0.05(FA5/6MA1/6)0.95Pb(I0.85Br0.15 )3,butylammonium iodide,butylammonium iodide
804,(FAPbI 3 ) 0.87(MAPbBr3)0.13]0.92(CsPbI3)0.08,phenylethylammonium iodide,phenylethylammonium iodide
805,Cs0.05(MA0.17FA0.83)0.95Pb(I0.83Br0.17)3,chlorophenylethylammonium iodide,chlorophenylethylammonium iodide
806,Cs0.05FA0.9MA0.05Pb(I0.95Br0.05)3,tri-octyl phosphine oxide,tri-octyl phosphine oxide
807,(FAPbI3)0.95(MAPbBr3)0.05,sodium thioglycolate,sodium thioglycolate
808,FA0.9Cs0.1Pb3,formate,formate
809,Cs0.05(FA5/6MA1/6)0.95Pb(I0.9Br0.1)3,sodium thioglycolate,sodium thioglycolate
810,(FAPbI3)0.77(MAPbBr3)0.14(CsPbI3)0.09,chlorophenylethylammonium iodide,chlorophenylethylammonium iodide
811,Cs0.12FA0.8MA0.08PbI1.8Br1,Piperazinium Diiodide,Piperazinium Diiodide
812,(FAPbI 3 ) 0.87(MAPbBr3)0.13]0.92(CsPbI3)0.08,4-tert-butyl-benzylammonium iodide,4-tert-butyl-benzylammonium iodide
813,FAPbI3,4-fluoroaniline,4-fluoroaniline
814,Cs0.05FA0.9MA0.05Pb(I0.95Br0.05)3,PCBM,PCBM
815,Cs0.05(MA0.05FA0.95)0.95Pb(I0.95Br0.05)3,Titanium dioxide,Titanium dioxide
816,Cs 0.05(FA0.95MA0.05)0.95Pb(I0.95Br0.05)3,butylammonium,butylammonium
817,Cs0.12FA0.8MA0.08PbI1.8Br1,fluorophenylethylammonium iodide,fluorophenylethylammonium iodide
818,Cs 0.05 (FA0.92MA0.08)0.95Pb(I0.92Br0.08)3,phenylethylammonium iodide,phenylethylammonium iodide
819,Cs0.05(MA0.17FA0.83)0.95Pb(I0.83Br0.17)3,butylammonium,butylammonium
820,Cs0.05FA0.85MA0.10Pb(I0.97Br0.03)3,4-fluoroaniline,4-fluoroaniline
821,Cs 0.05 (FA0.92MA0.08)0.95Pb(I0.92Br0.08)3,4-tert-butyl-benzylammonium iodide,4-tert-butyl-benzylammonium iodide
822,BA2PbI 4,lead oxalate,lead oxalate
823,Cs0.05MA0.1FA0.85PbI2.7Br0.3,chlorophenylethylammonium iodide,chlorophenylethylammonium iodide
824,FA0.9Cs0.1Pb3,phenethylammonium iodide,phenethylammonium iodide
825,Cs0.05(MA0.05FA0.95)0.95Pb(I0.95Br0.05)3,formate,formate
826,(FAPbI 3 ) 0.87(MAPbBr3)0.13]0.92(CsPbI3)0.08,Piperazinium Diiodide,Piperazinium Diiodide
827,Cs0.05FA0.85MA0.1PbI3,butylammonium iodide,butylammonium iodide
828,Cs0.05(FA5/6MA1/6)0.95Pb(I0.85Br0.15 )3,2-thiophenemethylammonium bromide,2-thiophenemethylammonium bromide
829,Cs0.05FA0.9MA0.05Pb(I0.95Br0.05)3,lead oxalate,lead oxalate
830,MAPbI 3,Piperazinium Diiodide,Piperazinium Diiodide
831,Cs0.12FA0.8MA0.08PbI1.8Br1,sodium thioglycolate,sodium thioglycolate
832,Rb0.05Cs0.05MA0.05FA0.85Pb(I0.95Br0.05)3,n-hexyl trimethyl ammonium bromide,n-hexyl trimethyl ammonium bromide
833,MAPbI3,Titanium dioxide,Titanium dioxide
834,FAPbI3,4-chlorobenzenesulfonate (4Cl-BZS),4-chlorobenzenesulfonate
835,Cs0.05MA0.1FA0.85PbI2.7Br0.3,butylammonium,butylammonium
836,Cs0.05FA0.9MA0.05Pb(I0.95Br0.05)3,"3,4,5-trifluoroanilinium","3,4,5-trifluoroanilinium"
837,Cs0.15FA0.85PbI2.19Br0.81,4-fluoroaniline,4-fluoroaniline
838,MAPbI 3,fluorophenylethylammonium iodide,fluorophenylethylammonium iodide
839,(FAPbI 3 ) 0.87(MAPbBr3)0.13]0.92(CsPbI3)0.08,4-trifluoromethyl-phenylammonium,4-trifluoromethyl-phenylammonium
840,Cs 0.05 (FA0.92MA0.08)0.95Pb(I0.92Br0.08)3,Piperazinium Diiodide,Piperazinium Diiodide
841,FAPbI3,phenylethylammonium iodide,phenylethylammonium iodide
842,Cs 0.05(FA0.95MA0.05)0.95Pb(I0.95Br0.05)3,ortho-carborane,ortho-carborane
843,(FAPbI3)0.95(MAPbBr3)0.05,azetidinium lead iodide,azetidinium lead iodide
844,Cs0.05(MA0.05FA0.95)0.95Pb(I0.95Br0.05)3,phenethylammonium iodide,phenethylammonium iodide
845,Cs 0.05 (FA0.92MA0.08)0.95Pb(I0.92Br0.08)3,fluorophenylethylammonium iodide,fluorophenylethylammonium iodide
846,Cs0.05(FA5/6MA1/6)0.95Pb(I0.9Br0.1)3,azetidinium lead iodide,azetidinium lead iodide
847,FAPbI3,4-tert-butyl-benzylammonium iodide,4-tert-butyl-benzylammonium iodide
848,Cs0.05(MA0.17FA0.83)0.95Pb(I0.83Br0.17)3,ortho-carborane,ortho-carborane
849,Cs0.05FA0.85MA0.10Pb(I0.97Br0.03)3,4-chlorobenzenesulfonate (4Cl-BZS),4-chlorobenzenesulfonate
850,MAPbI3,formate,formate
851,CsPbI0.05[(FAPbI3)0.89(MAPbBr3)0.11]0.95,Piperazinium Diiodide,Piperazinium Diiodide
852,Cs0.05FA0.85MA0.1PbI3,2-thiophenemethylammonium bromide,2-thiophenemethylammonium bromide
853,MAPbI 3,sodium thioglycolate,sodium thioglycolate
854,Cs0.05(FA5/6MA1/6)0.95Pb(I0.85Br0.15 )3,PCBM,PCBM
855,BA2PbI 4,phenylethylammonium iodide,phenylethylammonium iodide
856,(FAPbI 3 ) 0.87(MAPbBr3)0.13]0.92(CsPbI3)0.08,butylammonium bromide,butylammonium bromide
857,CsPbI0.05[(FAPbI3)0.89(MAPbBr3)0.11]0.95,fluorophenylethylammonium iodide,fluorophenylethylammonium iodide
858,Cs0.15FA0.85PbI2.19Br0.81,4-chlorobenzenesulfonate (4Cl-BZS),4-chlorobenzenesulfonate
859,Cs 0.05 (FA0.92MA0.08)0.95Pb(I0.92Br0.08)3,sodium thioglycolate,sodium thioglycolate
860,Cs 0.05(FA0.95MA0.05)0.95Pb(I0.95Br0.05)3,oleylammonium iodide,oleylammonium iodide
861,FA0.9Cs0.1Pb3,cyclohexylmethylammonium iodide,cyclohexylmethylammonium iodide
862,FAPbI3,Piperazinium Diiodide,Piperazinium Diiodide
863,Cs0.05MA0.1FA0.85PbI3,iso-butylamine iodide,iso-butylamine iodide
864,Cs0.15FA0.85PbI2.19Br0.81,phenylethylammonium iodide,phenylethylammonium iodide
865,(FAPbI3)0.95(MAPbBr3)0.05,Lithium Fluoride,Lithium Fluoride
866,Cs0.05MA0.1FA0.85PbI2.7Br0.3,ortho-carborane,ortho-carborane
867,Cs0.05(FA5/6MA1/6)0.95Pb(I0.9Br0.1)3,Lithium Fluoride,Lithium Fluoride
868,Cs 0.05(FA0.95MA0.05)0.95Pb(I0.95Br0.05)3,iso-butylamine iodide,iso-butylamine iodide
869,FAPbI3,fluorophenylethylammonium iodide,fluorophenylethylammonium iodide
870,FA0.8Cs0.2Pb(I0.7Br0.3)3,2-thiopheneethylammonium chloride,2-thiopheneethylammonium chloride
871,Cs0.12FA0.8MA0.08PbI1.8Br1,azetidinium lead iodide,azetidinium lead iodide
872,Cs0.05(MA0.17FA0.83)0.95Pb(I0.83Br0.17)3,oleylammonium iodide,oleylammonium iodide
873,Cs0.05(MA0.17FA0.83)0.95Pb(I0.83Br0.17)3,iso-butylamine iodide,iso-butylamine iodide
874,Cs 0.05 (FA0.92MA0.08)0.95Pb(I0.92Br0.08)3,butylammonium bromide,butylammonium bromide
875,Cs0.15FA0.85PbI2.19Br0.81,4-tert-butyl-benzylammonium iodide,4-tert-butyl-benzylammonium iodide
876,FAPbI3,4-trifluoromethyl-phenylammonium,4-trifluoromethyl-phenylammonium
877,(FAPbI3)0.77(MAPbBr3)0.14(CsPbI3)0.09,iso-butylamine iodide,iso-butylamine iodide
878,Cs0.05MA0.1FA0.85PbI3,(phenethylamino)methaniminium iodide,(phenethylamino)methaniminium iodide
879,CsPbI0.05[(FAPbI3)0.89(MAPbBr3)0.11]0.95,sodium thioglycolate,sodium thioglycolate
880,(FAPbI3)0.95(MAPbBr3)0.05,lead iodide,lead iodide
881,Cs 0.05(FA0.95MA0.05)0.95Pb(I0.95Br0.05)3,(phenethylamino)methaniminium iodide,(phenethylamino)methaniminium iodide
882,Cs0.05(FA5/6MA1/6)0.95Pb(I0.9Br0.1)3,lead iodide,lead iodide
883,(FAPbI3)0.95(MAPbBr3)0.05,3-(aminomethyl)pyridine,3-(aminomethyl)pyridine
884,Cs0.05(FA5/6MA1/6)0.95Pb(I0.9Br0.1)3,3-(aminomethyl)pyridine,3-(aminomethyl)pyridine
885,BA2PbI 4,Piperazinium Diiodide,Piperazinium Diiodide
886,Cs0.05FA0.85MA0.1PbI3,PCBM,PCBM
887,Cs0.05(MA0.17FA0.83)0.95Pb(I0.83Br0.17)3,(phenethylamino)methaniminium iodide,(phenethylamino)methaniminium iodide
888,Cs0.05(MA0.05FA0.95)0.95Pb(I0.95Br0.05)3,cyclohexylmethylammonium iodide,cyclohexylmethylammonium iodide
889,Cs0.05(MA0.05FA0.95)0.95Pb(I0.95Br0.05)3,Lithium Fluoride,Lithium Fluoride
890,(FAPbI3)0.77(MAPbBr3)0.14(CsPbI3)0.09,(phenethylamino)methaniminium iodide,(phenethylamino)methaniminium iodide
891,Cs0.05FA0.85MA0.10Pb(I0.97Br0.03)3,4-trifluoromethyl-phenylammonium,4-trifluoromethyl-phenylammonium
892,Cs0.05MA0.1FA0.85PbI2.7Br0.3,oleylammonium iodide,oleylammonium iodide
893,Cs 0.05 MA 0.05 FA 0.9 Pb(I 0.95 Br 0.05 ) 3,n-hexyl trimethyl ammonium bromide,n-hexyl trimethyl ammonium bromide
894,BA2PbI 4,fluorophenylethylammonium iodide,fluorophenylethylammonium iodide
895,Cs0.15FA0.85PbI2.19Br0.81,Piperazinium Diiodide,Piperazinium Diiodide
896,Cs0.05MA0.1FA0.85PbI2.7Br0.3,iso-butylamine iodide,iso-butylamine iodide
897,Cs0.12FA0.8MA0.08PbI1.8Br1,Lithium Fluoride,Lithium Fluoride
898,MAPbI 3,azetidinium lead iodide,azetidinium lead iodide
899,Cs0.15FA0.85PbI2.19Br0.81,fluorophenylethylammonium iodide,fluorophenylethylammonium iodide
900,FAPbI3,butylammonium bromide,butylammonium bromide
901,Cs0.05FA0.9MA0.05Pb(I0.95Br0.05)3,fluorophenylethylammonium iodide,fluorophenylethylammonium iodide
902,Cs0.15FA0.85PbI2.19Br0.81,4-trifluoromethyl-phenylammonium,4-trifluoromethyl-phenylammonium
903,Cs0.05(FA5/6MA1/6)0.95Pb(I0.9Br0.1)3,4-fluorophenylethylammonium iodide,4-fluorophenylethylammonium iodide
904,Cs0.05MA0.1FA0.85PbI2.7Br0.3,(phenethylamino)methaniminium iodide,(phenethylamino)methaniminium iodide
905,Cs0.12FA0.8MA0.08PbI1.8Br1,lead iodide,lead iodide
906,BA2PbI 4,sodium thioglycolate,sodium thioglycolate
907,FA0.8MA0.2PbI 3,Butylammonium bromide,Butylammonium bromide
908,Cs0.12FA0.8MA0.08PbI1.8Br1,3-(aminomethyl)pyridine,3-(aminomethyl)pyridine
909,MAPbI3,cyclohexylmethylammonium iodide,cyclohexylmethylammonium iodide
910,Cs0.05FA0.85MA0.10Pb(I0.97Br0.03)3,butylammonium bromide,butylammonium bromide
911,FA0.8Cs0.2Pb(I0.7Br0.3)3,tri-octyl phosphine oxide,tri-octyl phosphine oxide
912,Cs0.05FA0.85MA0.1PbI3,"3,4,5-trifluoroanilinium","3,4,5-trifluoroanilinium"
913,MAPbI 3,Lithium Fluoride,Lithium Fluoride
914,CsPbI0.05[(FAPbI3)0.89(MAPbBr3)0.11]0.95,azetidinium lead iodide,azetidinium lead iodide
915,(FAPbI3)0.95(MAPbBr3)0.05,oleylamine,oleylamine
916,Cs0.05(FA5/6MA1/6)0.95Pb(I0.9Br0.1)3,n-hexyl trimethyl ammonium bromide,n-hexyl trimethyl ammonium bromide
917,Rb0.05Cs0.05MA0.05FA0.85Pb(I0.95Br0.05)3,butylammonium iodide,butylammonium iodide
918,Cs0.05(FA5/6MA1/6)0.95Pb(I0.9Br0.1)3,oleylamine,oleylamine
919,Cs0.12FA0.8MA0.08PbI1.8Br1,4-fluorophenylethylammonium iodide,4-fluorophenylethylammonium iodide
920,MAPbI 3,lead iodide,lead iodide
921,FA0.8MA0.2PbI 3,oleylammonium iodide,oleylammonium iodide
922,MAPbI 3,3-(aminomethyl)pyridine,3-(aminomethyl)pyridine
923,(MA0.14FA0.81Cs0.05)9-Pb10(I0.85Br0.15),2-thiopheneethylammonium chloride,2-thiopheneethylammonium chloride
924,FA0.8Cs0.2Pb(I0.7Br0.3)3,lead oxalate,lead oxalate
925,FA0.8MA0.2PbI 3,2-thiopheneethylammonium chloride,2-thiopheneethylammonium chloride
926,FA0.8Cs0.2Pb(I0.7Br0.3)3,"3,4,5-trifluoroanilinium","3,4,5-trifluoroanilinium"
927,BA2PbI 4,azetidinium lead iodide,azetidinium lead iodide
928,Cs0.12FA0.8MA0.08PbI1.8Br1,oleylamine,oleylamine
929,Cs0.05(FA5/6MA1/6)0.95Pb(I0.85Br0.15 )3,Titanium dioxide,Titanium dioxide
930,MAPbI 3,4-fluorophenylethylammonium iodide,4-fluorophenylethylammonium iodide
931,Cs0.05MA0.1FA0.85PbI3,4-fluoroaniline,4-fluoroaniline
932,Rb0.05Cs0.05MA0.05FA0.85Pb(I0.95Br0.05)3,2-thiophenemethylammonium bromide,2-thiophenemethylammonium bromide
933,CsPbI0.05[(FAPbI3)0.89(MAPbBr3)0.11]0.95,lead iodide,lead iodide
934,Cs0.05MA0.1FA0.85PbI3,Titanium dioxide,Titanium dioxide
935,Cs 0.05(FA0.95MA0.05)0.95Pb(I0.95Br0.05)3,4-fluoroaniline,4-fluoroaniline
936,CsPbI0.05[(FAPbI3)0.89(MAPbBr3)0.11]0.95,3-(aminomethyl)pyridine,3-(aminomethyl)pyridine
937,Cs0.05FA0.9MA0.05Pb(I0.95Br0.05)3,azetidinium lead iodide,azetidinium lead iodide
938,FA0.7MA0.3Pb0.5Sn0.5I3,Butylammonium bromide,Butylammonium bromide
939,Cs 0.05 (FA0.92MA0.08)0.95Pb(I0.92Br0.08)3,4-fluorophenylethylammonium iodide,4-fluorophenylethylammonium iodide
940,FAPbI 3,butylammonium,butylammonium
941,(FAPbI3)0.77(MAPbBr3)0.14(CsPbI3)0.09,4-fluoroaniline,4-fluoroaniline
942,(FAPbI3)0.77(MAPbBr3)0.14(CsPbI3)0.09,Titanium dioxide,Titanium dioxide
943,(FAPbI 3 ) 0.87(MAPbBr3)0.13]0.92(CsPbI3)0.08,n-hexyl trimethyl ammonium bromide,n-hexyl trimethyl ammonium bromide
944,Cs0.05(FA5/6MA1/6)0.95Pb(I0.85Br0.15 )3,formate,formate
945,BA2PbI 4,Lithium Fluoride,Lithium Fluoride
946,MAPbI 3,oleylamine,oleylamine
947,CsPbI0.05[(FAPbI3)0.89(MAPbBr3)0.11]0.95,4-fluorophenylethylammonium iodide,4-fluorophenylethylammonium iodide
948,Cs0.05MA0.1FA0.85PbI3,4-chlorobenzenesulfonate (4Cl-BZS),4-chlorobenzenesulfonate
949,Rb0.05Cs0.05MA0.05FA0.85Pb(I0.95Br0.05)3,tri-octyl phosphine oxide,tri-octyl phosphine oxide
